{
  "overall": {
    "mse": 7.7272467613220215,
    "mae": 1.318084716796875,
    "rmse": 2.779792547225952,
    "correlation": NaN
  },
  "per_channel": {
    "pelvis_tx": {
      "mse": 0.04853138327598572,
      "mae": 0.20232173800468445,
      "correlation": 0.10972519652557852
    },
    "pelvis_ty": {
      "mse": 0.00023493290063925087,
      "mae": 0.013216279447078705,
      "correlation": 0.04453706294346975
    },
    "pelvis_tz": {
      "mse": 0.00037785686436109245,
      "mae": 0.01571868732571602,
      "correlation": -0.047337815079193137
    },
    "knee_angle_r": {
      "mse": 0.2372153252363205,
      "mae": 0.3183603286743164,
      "correlation": 0.009329500234923209
    },
    "ankle_angle_r": {
      "mse": 0.9249115586280823,
      "mae": 0.9566881656646729,
      "correlation": 0.018483235638803382
    },
    "subtalar_angle_r": {
      "mse": 0.27348482608795166,
      "mae": 0.5229653120040894,
      "correlation": NaN
    },
    "knee_angle_l": {
      "mse": 0.29750046133995056,
      "mae": 0.3715249300003052,
      "correlation": -0.012550018410377577
    },
    "ankle_angle_l": {
      "mse": 16.06859588623047,
      "mae": 4.006982326507568,
      "correlation": -0.022603863658254793
    },
    "subtalar_angle_l": {
      "mse": 0.2741051912307739,
      "mae": 0.5235263705253601,
      "correlation": NaN
    },
    "calcn_r_force_vx": {
      "mse": 0.3167398273944855,
      "mae": 0.4657987356185913,
      "correlation": 0.004969263031486889
    },
    "calcn_r_force_vy": {
      "mse": 125.91112518310547,
      "mae": 10.306495666503906,
      "correlation": -0.00566965336648505
    },
    "calcn_r_force_vz": {
      "mse": 3.17189621925354,
      "mae": 1.6883763074874878,
      "correlation": 0.0030366638113914096
    },
    "calcn_r_force_normed_cop_x": {
      "mse": 9.82552433013916,
      "mae": 3.0612854957580566,
      "correlation": -0.055353439882969396
    },
    "calcn_r_force_normed_cop_y": {
      "mse": 1.2903517484664917,
      "mae": 1.1163564920425415,
      "correlation": 0.01292205781411967
    },
    "calcn_r_force_normed_cop_z": {
      "mse": 7.249324798583984,
      "mae": 2.6296348571777344,
      "correlation": -0.04417696354426467
    },
    "calcn_l_force_vx": {
      "mse": 0.37803223729133606,
      "mae": 0.49832528829574585,
      "correlation": -0.013208802894804991
    },
    "calcn_l_force_vy": {
      "mse": 123.98472595214844,
      "mae": 10.140233993530273,
      "correlation": 0.00553463713870662
    },
    "calcn_l_force_vz": {
      "mse": 1.4496450424194336,
      "mae": 1.0726169347763062,
      "correlation": -0.015784159513983192
    },
    "calcn_l_force_normed_cop_x": {
      "mse": 3.1189329624176025,
      "mae": 1.4158053398132324,
      "correlation": 0.008781652312298742
    },
    "calcn_l_force_normed_cop_y": {
      "mse": 0.9404608011245728,
      "mae": 0.942912757396698,
      "correlation": -0.009302366905524172
    },
    "calcn_l_force_normed_cop_z": {
      "mse": 19.271732330322266,
      "mae": 4.345827579498291,
      "correlation": 0.00366246364183494
    },
    "pelvis_0": {
      "mse": 0.013384927995502949,
      "mae": 0.1156441867351532,
      "correlation": -0.010576358042672082
    },
    "pelvis_1": {
      "mse": 0.0591212622821331,
      "mae": 0.24171312153339386,
      "correlation": 0.022534757831632887
    },
    "pelvis_2": {
      "mse": 0.03633705526590347,
      "mae": 0.18207989633083344,
      "correlation": -0.0058961231083269495
    },
    "pelvis_3": {
      "mse": 0.05726492404937744,
      "mae": 0.23812554776668549,
      "correlation": 0.0079304617984762
    },
    "pelvis_4": {
      "mse": 0.016301190480589867,
      "mae": 0.12762075662612915,
      "correlation": -0.0019345067712716534
    },
    "pelvis_5": {
      "mse": 0.006544045638293028,
      "mae": 0.0720151886343956,
      "correlation": 0.007997468558073184
    },
    "hip_r_0": {
      "mse": 0.8487650752067566,
      "mae": 0.9202112555503845,
      "correlation": -0.008427835032110252
    },
    "hip_r_1": {
      "mse": 0.07028836756944656,
      "mae": 0.21537066996097565,
      "correlation": 0.008944740111505391
    },
    "hip_r_2": {
      "mse": 0.03178473189473152,
      "mae": 0.17037981748580933,
      "correlation": 0.025686718945877145
    },
    "hip_r_3": {
      "mse": 0.05449284240603447,
      "mae": 0.2014337182044983,
      "correlation": -0.005726331620279595
    },
    "hip_r_4": {
      "mse": 0.07642249763011932,
      "mae": 0.27260297536849976,
      "correlation": -0.023897586819814378
    },
    "hip_r_5": {
      "mse": 0.016513098031282425,
      "mae": 0.1055496335029602,
      "correlation": 0.011097088643297616
    },
    "hip_l_0": {
      "mse": 0.8279421925544739,
      "mae": 0.9086366891860962,
      "correlation": -0.007586307424412642
    },
    "hip_l_1": {
      "mse": 0.07765397429466248,
      "mae": 0.2298133820295334,
      "correlation": -0.01195504946973531
    },
    "hip_l_2": {
      "mse": 0.004805736243724823,
      "mae": 0.05416726693511009,
      "correlation": -0.005157901035814914
    },
    "hip_l_3": {
      "mse": 0.05942501872777939,
      "mae": 0.21129168570041656,
      "correlation": 0.006311224927724533
    },
    "hip_l_4": {
      "mse": 0.09020107984542847,
      "mae": 0.2959715723991394,
      "correlation": 0.022294707918558095
    },
    "hip_l_5": {
      "mse": 0.012646340765058994,
      "mae": 0.09720160812139511,
      "correlation": 0.0004155612510525501
    },
    "lumbar_0": {
      "mse": 0.874162495136261,
      "mae": 0.9348966479301453,
      "correlation": -0.03965470055749396
    },
    "lumbar_1": {
      "mse": 0.0007718295091763139,
      "mae": 0.02313937433063984,
      "correlation": -0.007168212580758211
    },
    "lumbar_2": {
      "mse": 0.023567311465740204,
      "mae": 0.14390943944454193,
      "correlation": 0.0021878804435758806
    },
    "lumbar_3": {
      "mse": 0.039705634117126465,
      "mae": 0.1977604627609253,
      "correlation": 0.015968402527253334
    },
    "lumbar_4": {
      "mse": 0.007329885382205248,
      "mae": 0.08521360903978348,
      "correlation": 0.024739403974904046
    },
    "lumbar_5": {
      "mse": 0.007962021045386791,
      "mae": 0.08002732694149017,
      "correlation": -0.004699324961313118
    },
    "pelvis_x_angular_vel": {
      "mse": 1.3478347063064575,
      "mae": 0.9458088278770447,
      "correlation": -0.001296611725942446
    },
    "pelvis_y_angular_vel": {
      "mse": 6.742553234100342,
      "mae": 2.558293342590332,
      "correlation": 0.003320668794922482
    },
    "pelvis_z_angular_vel": {
      "mse": 0.4394207000732422,
      "mae": 0.5816749930381775,
      "correlation": 0.010720749279743818
    },
    "hip_r_x_angular_vel": {
      "mse": 1.9379061460494995,
      "mae": 1.1810153722763062,
      "correlation": 0.0001459904093618016
    },
    "hip_r_y_angular_vel": {
      "mse": 88.8524398803711,
      "mae": 9.394472122192383,
      "correlation": -0.013438202505346697
    },
    "hip_r_z_angular_vel": {
      "mse": 4.04834508895874,
      "mae": 1.3939332962036133,
      "correlation": -0.011393845992271204
    },
    "hip_l_x_angular_vel": {
      "mse": 1.3723738193511963,
      "mae": 1.0010684728622437,
      "correlation": -0.014881935425599568
    },
    "hip_l_y_angular_vel": {
      "mse": 5.214870929718018,
      "mae": 2.110197067260742,
      "correlation": -0.014850023589512543
    },
    "hip_l_z_angular_vel": {
      "mse": 7.446107864379883,
      "mae": 2.492769479751587,
      "correlation": 0.0069130275410349325
    },
    "lumbar_x_angular_vel": {
      "mse": 6.404758930206299,
      "mae": 2.364415407180786,
      "correlation": -0.0011541058896340315
    },
    "lumbar_y_angular_vel": {
      "mse": 43.7131462097168,
      "mae": 6.5586113929748535,
      "correlation": -0.00886039469597536
    },