{
  "overall": {
    "mse": 7.323494911193848,
    "mae": 1.2342078685760498,
    "rmse": 2.706195592880249,
    "correlation": NaN
  },
  "per_channel": {
    "pelvis_tx": {
      "mse": 0.0024711182340979576,
      "mae": 0.03633301705121994,
      "correlation": 0.030326829789454397
    },
    "pelvis_ty": {
      "mse": 0.00021622116037178785,
      "mae": 0.012291534803807735,
      "correlation": -0.03614553362799647
    },
    "pelvis_tz": {
      "mse": 0.0012576322769746184,
      "mae": 0.02845616824924946,
      "correlation": -0.061761590054825746
    },
    "knee_angle_r": {
      "mse": 0.15798348188400269,
      "mae": 0.28386160731315613,
      "correlation": 0.02680205383061436
    },
    "ankle_angle_r": {
      "mse": 0.7452712655067444,
      "mae": 0.8588207364082336,
      "correlation": 0.0014176649018291315
    },
    "subtalar_angle_r": {
      "mse": 0.2734454870223999,
      "mae": 0.5229241251945496,
      "correlation": NaN
    },
    "knee_angle_l": {
      "mse": 0.18247023224830627,
      "mae": 0.2892667353153229,
      "correlation": 0.036884802973349534
    },
    "ankle_angle_l": {
      "mse": 16.0194091796875,
      "mae": 4.00080680847168,
      "correlation": -0.01569710289400369
    },
    "subtalar_angle_l": {
      "mse": 0.27412042021751404,
      "mae": 0.5235422253608704,
      "correlation": NaN
    },
    "calcn_r_force_vx": {
      "mse": 0.3467353582382202,
      "mae": 0.5356283783912659,
      "correlation": -0.03599724736042267
    },
    "calcn_r_force_vy": {
      "mse": 140.6852569580078,
      "mae": 11.078588485717773,
      "correlation": 0.00684394505093553
    },
    "calcn_r_force_vz": {
      "mse": 3.091951847076416,
      "mae": 1.7128771543502808,
      "correlation": -0.009950004866754746
    },
    "calcn_r_force_normed_cop_x": {
      "mse": 5.575788497924805,
      "mae": 2.25050950050354,
      "correlation": 0.03467928168707378
    },
    "calcn_r_force_normed_cop_y": {
      "mse": 1.2748881578445435,
      "mae": 1.1001465320587158,
      "correlation": -0.053082459424256934
    },
    "calcn_r_force_normed_cop_z": {
      "mse": 3.8955953121185303,
      "mae": 1.906647801399231,
      "correlation": 0.027285029658653558
    },
    "calcn_l_force_vx": {
      "mse": 0.26903828978538513,
      "mae": 0.3883405327796936,
      "correlation": -0.027799510533719304
    },
    "calcn_l_force_vy": {
      "mse": 108.09075164794922,
      "mae": 9.389745712280273,
      "correlation": -0.021633058851295447
    },
    "calcn_l_force_vz": {
      "mse": 1.4416427612304688,
      "mae": 1.008630633354187,
      "correlation": 0.030382558662840117
    },
    "calcn_l_force_normed_cop_x": {
      "mse": 1.1374541521072388,
      "mae": 0.8760233521461487,
      "correlation": -0.0060238283334268835
    },
    "calcn_l_force_normed_cop_y": {
      "mse": 0.6964383721351624,
      "mae": 0.7702717185020447,
      "correlation": 0.014909339227975419
    },
    "calcn_l_force_normed_cop_z": {
      "mse": 12.408435821533203,
      "mae": 3.4473252296447754,
      "correlation": 0.054199065167802256
    },
    "pelvis_0": {
      "mse": 0.012760584242641926,
      "mae": 0.1128900945186615,
      "correlation": -0.08259371983263926
    },
    "pelvis_1": {
      "mse": 0.015543632209300995,
      "mae": 0.121348075568676,
      "correlation": -0.06962550738427536
    },
    "pelvis_2": {
      "mse": 0.02456151880323887,
      "mae": 0.12937191128730774,
      "correlation": 0.015205990850170215
    },
    "pelvis_3": {
      "mse": 0.014430929906666279,
      "mae": 0.11705002933740616,
      "correlation": -0.04232142408950234
    },
    "pelvis_4": {
      "mse": 0.016558069735765457,
      "mae": 0.12865756452083588,
      "correlation": 0.047501939946182396
    },
    "pelvis_5": {
      "mse": 0.0019727840553969145,
      "mae": 0.038145214319229126,
      "correlation": 0.01433047837522729
    },
    "hip_r_0": {
      "mse": 0.7933900356292725,
      "mae": 0.8892069458961487,
      "correlation": 0.03260526330431128
    },
    "hip_r_1": {
      "mse": 0.03312365338206291,
      "mae": 0.16274778544902802,
      "correlation": 0.009610838488486163
    },
    "hip_r_2": {
      "mse": 0.023388506844639778,
      "mae": 0.14320123195648193,
      "correlation": 0.0008512087730770763
    },
    "hip_r_3": {
      "mse": 0.042933572083711624,
      "mae": 0.18563315272331238,
      "correlation": 0.021720360919927382
    },
    "hip_r_4": {
      "mse": 0.06395518034696579,
      "mae": 0.2465706765651703,
      "correlation": -0.020097883472214348
    },
    "hip_r_5": {
      "mse": 0.004999810364097357,
      "mae": 0.06106545403599739,
      "correlation": 0.023946943214035347
    },
    "hip_l_0": {
      "mse": 0.816885769367218,
      "mae": 0.9018900394439697,
      "correlation": 0.009450423014194527
    },
    "hip_l_1": {
      "mse": 0.0688079223036766,
      "mae": 0.22846969962120056,
      "correlation": 0.006840968236534088
    },
    "hip_l_2": {
      "mse": 0.0036217558663338423,
      "mae": 0.047972869127988815,
      "correlation": 0.004947303174884845
    },
    "hip_l_3": {
      "mse": 0.05911003053188324,
      "mae": 0.21907833218574524,
      "correlation": 0.004558447899406473
    },
    "hip_l_4": {
      "mse": 0.08820004016160965,
      "mae": 0.29081499576568604,
      "correlation": 0.01140301493907451
    },
    "hip_l_5": {
      "mse": 0.0067460136488080025,
      "mae": 0.07207009941339493,
      "correlation": -0.025072750636259626
    },
    "lumbar_0": {
      "mse": 0.8797594308853149,
      "mae": 0.9378679990768433,
      "correlation": -0.012972686332005507
    },
    "lumbar_1": {
      "mse": 0.002086724853143096,
      "mae": 0.04056801646947861,
      "correlation": -0.17074131276655183
    },
    "lumbar_2": {
      "mse": 0.04538530111312866,
      "mae": 0.20519480109214783,
      "correlation": -0.027535855541472552
    },
    "lumbar_3": {
      "mse": 0.02728220820426941,
      "mae": 0.16335318982601166,
      "correlation": -0.10081410149349333
    },
    "lumbar_4": {
      "mse": 0.008590886369347572,
      "mae": 0.09214768558740616,
      "correlation": -0.005492014831354816
    },
    "lumbar_5": {
      "mse": 0.01600749045610428,
      "mae": 0.10831765085458755,
      "correlation": -0.02015931314986612
    },
    "pelvis_x_angular_vel": {
      "mse": 0.8576717376708984,
      "mae": 0.8581578135490417,
      "correlation": -0.0025390941446248516
    },
    "pelvis_y_angular_vel": {
      "mse": 6.767234802246094,
      "mae": 2.5546810626983643,
      "correlation": 6.444735485165835e-05
    },
    "pelvis_z_angular_vel": {
      "mse": 0.3757948875427246,
      "mae": 0.5775289535522461,
      "correlation": -0.015273220644252444
    },
    "hip_r_x_angular_vel": {
      "mse": 1.2375121116638184,
      "mae": 1.0236138105392456,
      "correlation": -0.02467511413208189
    },
    "hip_r_y_angular_vel": {
      "mse": 87.37958526611328,
      "mae": 9.317978858947754,
      "correlation": 0.012602258039253281
    },
    "hip_r_z_angular_vel": {
      "mse": 1.850102424621582,
      "mae": 0.9784471988677979,
      "correlation": 0.011683326349996855
    },
    "hip_l_x_angular_vel": {
      "mse": 0.7740582823753357,
      "mae": 0.7665649652481079,
      "correlation": 0.01928301825361691
    },
    "hip_l_y_angular_vel": {
      "mse": 4.934930801391602,
      "mae": 2.1245319843292236,
      "correlation": 0.0007838574588502303
    },
    "hip_l_z_angular_vel": {
      "mse": 5.695590496063232,
      "mae": 2.2055606842041016,
      "correlation": 0.032174642181381906
    },
    "lumbar_x_angular_vel": {
      "mse": 5.808433532714844,
      "mae": 2.3562099933624268,
      "correlation": -0.01112189598432985
    },
    "lumbar_y_angular_vel": {
      "mse": 45.18856430053711,
      "mae": 6.670581340789795,
      "correlation": 0.0035796973454469
    },
    "lumbar_z_angular_vel": {
      "mse": 0.3122284412384033,