{
  "max_z_score": 3.9438517093658447,
  "outlier_ratio": 0.0,
  "avg_smoothness": {
    "mean": 0.03054998442530632,
    "max": 0.7553088068962097
  },
  "max_jump": {
    "mean": 0.09240858256816864,
    "max": 2.0120224952697754
  },
  "periodicity_score": 0.10367170009680306
}