{
  "overall": {
    "mse": 7.750267028808594,
    "mae": 1.3091275691986084,
    "rmse": 2.7839300632476807,
    "correlation": NaN
  },
  "per_channel": {
    "pelvis_tx": {
      "mse": 0.009816551581025124,
      "mae": 0.0734262615442276,
      "correlation": -0.015649150470934094
    },
    "pelvis_ty": {
      "mse": 0.00023953932395670563,
      "mae": 0.013742836192250252,
      "correlation": -0.010062311968017762
    },
    "pelvis_tz": {
      "mse": 0.0014843422686681151,
      "mae": 0.03197886794805527,
      "correlation": -0.031810485615298784
    },
    "knee_angle_r": {
      "mse": 0.20367275178432465,
      "mae": 0.3153308033943176,
      "correlation": -0.02916829013829589
    },
    "ankle_angle_r": {
      "mse": 0.9923689961433411,
      "mae": 0.988902747631073,
      "correlation": 0.027692506076819445
    },
    "subtalar_angle_r": {
      "mse": 0.2734737992286682,
      "mae": 0.5229429006576538,
      "correlation": NaN
    },
    "knee_angle_l": {
      "mse": 0.23292148113250732,
      "mae": 0.33237889409065247,
      "correlation": -0.015888899365375825
    },
    "ankle_angle_l": {
      "mse": 16.373632431030273,
      "mae": 4.044112205505371,
      "correlation": 0.018675619355936843
    },
    "subtalar_angle_l": {
      "mse": 0.27410396933555603,
      "mae": 0.5235242247581482,
      "correlation": NaN
    },
    "calcn_r_force_vx": {
      "mse": 0.3409753739833832,
      "mae": 0.4859938621520996,
      "correlation": 0.04575386370076546
    },
    "calcn_r_force_vy": {
      "mse": 125.96284484863281,
      "mae": 10.249127388000488,
      "correlation": 0.0021028332897727927
    },
    "calcn_r_force_vz": {
      "mse": 3.711505174636841,
      "mae": 1.7609025239944458,
      "correlation": -0.014092670726948989
    },
    "calcn_r_force_normed_cop_x": {
      "mse": 7.890638828277588,
      "mae": 2.651745557785034,
      "correlation": -0.03223215969863015
    },
    "calcn_r_force_normed_cop_y": {
      "mse": 1.238579511642456,
      "mae": 1.08431077003479,
      "correlation": 0.04877017188868468
    },
    "calcn_r_force_normed_cop_z": {
      "mse": 5.350567817687988,
      "mae": 2.205721139907837,
      "correlation": 0.0419971848642962
    },
    "calcn_l_force_vx": {
      "mse": 0.38334834575653076,
      "mae": 0.5127243995666504,
      "correlation": 0.03447147810961766
    },
    "calcn_l_force_vy": {
      "mse": 126.27278900146484,
      "mae": 10.209195137023926,
      "correlation": 0.02735551408889737
    },
    "calcn_l_force_vz": {
      "mse": 1.9639259576797485,
      "mae": 1.1993589401245117,
      "correlation": 0.012020502322356146
    },
    "calcn_l_force_normed_cop_x": {
      "mse": 2.414045572280884,
      "mae": 1.1421500444412231,
      "correlation": 0.01675314045661806
    },
    "calcn_l_force_normed_cop_y": {
      "mse": 0.946500301361084,
      "mae": 0.942516028881073,
      "correlation": -0.03156521691187922
    },
    "calcn_l_force_normed_cop_z": {
      "mse": 15.967855453491211,
      "mae": 3.9161922931671143,
      "correlation": -0.0025341309055380563
    },
    "pelvis_0": {
      "mse": 0.013267594389617443,
      "mae": 0.11509517580270767,
      "correlation": -0.013596351330602562
    },
    "pelvis_1": {
      "mse": 0.04610774293541908,
      "mae": 0.2126983255147934,
      "correlation": 0.0680888701718076
    },
    "pelvis_2": {
      "mse": 0.04069599509239197,
      "mae": 0.18586163222789764,
      "correlation": -0.014016821698992795
    },
    "pelvis_3": {
      "mse": 0.04392669349908829,
      "mae": 0.20808634161949158,
      "correlation": 0.05569825120579688
    },
    "pelvis_4": {
      "mse": 0.016438402235507965,
      "mae": 0.12817738950252533,
      "correlation": 0.0056677531674463625
    },
    "pelvis_5": {
      "mse": 0.007818203419446945,
      "mae": 0.08145562559366226,
      "correlation": -0.034399879962047776
    },
    "hip_r_0": {
      "mse": 0.8328335881233215,
      "mae": 0.9116957783699036,
      "correlation": 0.028545673216831685
    },
    "hip_r_1": {
      "mse": 0.09856896847486496,
      "mae": 0.25255823135375977,
      "correlation": 0.036564775906825456
    },
    "hip_r_2": {
      "mse": 0.034779321402311325,
      "mae": 0.17516690492630005,
      "correlation": -0.04849137024944868
    },
    "hip_r_3": {
      "mse": 0.07782581448554993,
      "mae": 0.2430901676416397,
      "correlation": 0.03816731540807078
    },
    "hip_r_4": {
      "mse": 0.07096404582262039,
      "mae": 0.26297810673713684,
      "correlation": 0.026188890383102896
    },
    "hip_r_5": {
      "mse": 0.020756583660840988,
      "mae": 0.11903812736272812,
      "correlation": -0.03976589574566983
    },
    "hip_l_0": {
      "mse": 0.8171116709709167,
      "mae": 0.9028645157814026,
      "correlation": 0.015884918420482157
    },
    "hip_l_1": {
      "mse": 0.11452542990446091,
      "mae": 0.27621370553970337,
      "correlation": 0.06968470043859991
    },
    "hip_l_2": {
      "mse": 0.005885067395865917,
      "mae": 0.06447021663188934,
      "correlation": 0.05737937956662048
    },
    "hip_l_3": {
      "mse": 0.08854622393846512,
      "mae": 0.25914955139160156,
      "correlation": 0.029710996169413133
    },
    "hip_l_4": {
      "mse": 0.08591261506080627,
      "mae": 0.2893872857093811,
      "correlation": -0.04571907733845026
    },
    "hip_l_5": {
      "mse": 0.014907489530742168,
      "mae": 0.10994743555784225,
      "correlation": 0.025763437724014227
    },
    "lumbar_0": {
      "mse": 0.9123767614364624,
      "mae": 0.9548734426498413,
      "correlation": 0.019712659111220925
    },
    "lumbar_1": {
      "mse": 0.005751765798777342,
      "mae": 0.07099150866270065,
      "correlation": -0.05831444966462459
    },
    "lumbar_2": {
      "mse": 0.02569047547876835,
      "mae": 0.14309360086917877,
      "correlation": -0.008880573560402885
    },
    "lumbar_3": {
      "mse": 0.012896331958472729,
      "mae": 0.10746707022190094,
      "correlation": -0.018516855097245256
    },
    "lumbar_4": {
      "mse": 0.011154972948133945,
      "mae": 0.10538766533136368,
      "correlation": -0.022840232417138576
    },
    "lumbar_5": {
      "mse": 0.009657262824475765,
      "mae": 0.08944396674633026,
      "correlation": -0.012205047578031467
    },
    "pelvis_x_angular_vel": {
      "mse": 1.5670695304870605,
      "mae": 1.0160205364227295,
      "correlation": -0.004384606040077753
    },
    "pelvis_y_angular_vel": {
      "mse": 6.841354846954346,
      "mae": 2.5551254749298096,
      "correlation": -0.01825213009417941
    },
    "pelvis_z_angular_vel": {
      "mse": 0.4389646351337433,
      "mae": 0.5948160886764526,
      "correlation": -0.0019368889087917592
    },
    "hip_r_x_angular_vel": {
      "mse": 2.344719171524048,
      "mae": 1.2657350301742554,
      "correlation": -0.016594624179472602
    },
    "hip_r_y_angular_vel": {
      "mse": 89.32710266113281,
      "mae": 9.401562690734863,
      "correlation": 0.013257470558027604
    },
    "hip_r_z_angular_vel": {
      "mse": 4.860293388366699,
      "mae": 1.6482378244400024,
      "correlation": -0.012393618350914388
    },
    "hip_l_x_angular_vel": {
      "mse": 1.6940721273422241,
      "mae": 1.0761040449142456,
      "correlation": 0.019648297709495187
    },
    "hip_l_y_angular_vel": {
      "mse": 5.127029895782471,
      "mae": 2.1079347133636475,
      "correlation": -0.00398490104167898
    },
    "hip_l_z_angular_vel": {
      "mse": 8.31521987915039,
      "mae": 2.652076005935669,
      "correlation": -0.0287800780904032
    },
    "lumbar_x_angular_vel": {
      "mse": 6.752141952514648,
      "mae": 2.3668131828308105,
      "correlation": -0.007748217580762172
    },
    "lumbar_y_angular_vel": {
      "mse": 45.79701614379883,
      "mae": 6.583327293395996,
      "correlation": 0.0009507369396860446
    },
    "lumbar_z_angular_vel": {
      "mse": 0.42795175313949585,