{
  "overall": {
    "mse": 7.52976131439209,
    "mae": 1.2947181463241577,
    "rmse": 2.7440409660339355,
    "correlation": NaN
  },
  "per_channel": {
    "pelvis_tx": {
      "mse": 0.0057331351563334465,
      "mae": 0.06239970773458481,
      "correlation": 0.055908358516506544
    },
    "pelvis_ty": {
      "mse": 0.0004469110572244972,
      "mae": 0.019326649606227875,
      "correlation": -0.011281475043635946
    },
    "pelvis_tz": {
      "mse": 0.003105371491983533,
      "mae": 0.04889947548508644,
      "correlation": -0.018681867037934532
    },
    "knee_angle_r": {
      "mse": 0.16090013086795807,
      "mae": 0.27932655811309814,
      "correlation": -0.008853680781318582
    },
    "ankle_angle_r": {
      "mse": 0.9932941794395447,
      "mae": 0.9904688596725464,
      "correlation": 0.00013732549859248695
    },
    "subtalar_angle_r": {
      "mse": 0.2734675407409668,
      "mae": 0.5229468941688538,
      "correlation": NaN
    },
    "knee_angle_l": {
      "mse": 0.18151751160621643,
      "mae": 0.2855895161628723,
      "correlation": -0.011234676410488417
    },
    "ankle_angle_l": {
      "mse": 16.454940795898438,
      "mae": 4.054141044616699,
      "correlation": -0.020111071678578153
    },
    "subtalar_angle_l": {
      "mse": 0.2741151750087738,
      "mae": 0.5235350728034973,
      "correlation": NaN
    },
    "calcn_r_force_vx": {
      "mse": 0.2757267355918884,
      "mae": 0.4203419089317322,
      "correlation": -0.008674615670717721
    },
    "calcn_r_force_vy": {
      "mse": 123.46458435058594,
      "mae": 10.20810604095459,
      "correlation": 0.017328539818705947
    },
    "calcn_r_force_vz": {
      "mse": 4.86651086807251,
      "mae": 2.098762273788452,
      "correlation": -0.0036626274952345126
    },
    "calcn_r_force_normed_cop_x": {
      "mse": 8.377401351928711,
      "mae": 2.833134174346924,
      "correlation": 0.005616603679118255
    },
    "calcn_r_force_normed_cop_y": {
      "mse": 1.182934045791626,
      "mae": 1.057644248008728,
      "correlation": -0.00883024869785351
    },
    "calcn_r_force_normed_cop_z": {
      "mse": 5.8886189460754395,
      "mae": 2.383610248565674,
      "correlation": 0.027630614628497502
    },
    "calcn_l_force_vx": {
      "mse": 0.3226574957370758,
      "mae": 0.445058137178421,
      "correlation": 0.018801349615972258
    },
    "calcn_l_force_vy": {
      "mse": 124.61974334716797,
      "mae": 10.275132179260254,
      "correlation": 0.01818477259635923
    },
    "calcn_l_force_vz": {
      "mse": 2.642700433731079,
      "mae": 1.453721046447754,
      "correlation": 0.005363172319050234
    },
    "calcn_l_force_normed_cop_x": {
      "mse": 2.016165256500244,
      "mae": 1.1529089212417603,
      "correlation": -0.008134072245608406
    },
    "calcn_l_force_normed_cop_y": {
      "mse": 0.9633357524871826,
      "mae": 0.959583580493927,
      "correlation": 0.007048259367741822
    },
    "calcn_l_force_normed_cop_z": {
      "mse": 16.436662673950195,
      "mae": 4.026805400848389,
      "correlation": -0.0005263646788915754
    },
    "pelvis_0": {
      "mse": 0.011869871988892555,
      "mae": 0.10880719125270844,
      "correlation": -0.06250964955941059
    },
    "pelvis_1": {
      "mse": 0.09437519311904907,
      "mae": 0.3062100112438202,
      "correlation": 0.032072486443430005
    },
    "pelvis_2": {
      "mse": 0.024739984422922134,
      "mae": 0.13530099391937256,
      "correlation": 0.016191859722330275
    },
    "pelvis_3": {
      "mse": 0.09035541862249374,
      "mae": 0.2997136116027832,
      "correlation": 0.029722241338523574
    },
    "pelvis_4": {
      "mse": 0.01474813837558031,
      "mae": 0.1213945746421814,
      "correlation": 0.03481021960644603
    },
    "pelvis_5": {
      "mse": 0.008716056123375893,
      "mae": 0.08740059286355972,
      "correlation": -0.013640171229235247
    },
    "hip_r_0": {
      "mse": 0.8773776888847351,
      "mae": 0.9364516735076904,
      "correlation": -0.010238230130777765
    },
    "hip_r_1": {
      "mse": 0.09163763374090195,
      "mae": 0.2322980761528015,
      "correlation": 0.04220125652505099
    },
    "hip_r_2": {
      "mse": 0.024533478543162346,
      "mae": 0.14266104996204376,
      "correlation": -0.06233436273612225
    },
    "hip_r_3": {
      "mse": 0.05727768316864967,
      "mae": 0.19208475947380066,
      "correlation": 0.017087976735059858
    },
    "hip_r_4": {
      "mse": 0.08422736078500748,
      "mae": 0.28936201333999634,
      "correlation": 0.014384099752645185
    },
    "hip_r_5": {
      "mse": 0.02460748516023159,
      "mae": 0.1320672333240509,
      "correlation": 0.0023821571274122333
    },
    "hip_l_0": {
      "mse": 0.878892719745636,
      "mae": 0.9371705055236816,
      "correlation": -0.011155998986777499
    },
    "hip_l_1": {
      "mse": 0.09019092470407486,
      "mae": 0.23690788447856903,
      "correlation": -0.019228838902848402
    },
    "hip_l_2": {
      "mse": 0.005306672304868698,
      "mae": 0.06348302960395813,
      "correlation": 0.004448599226628652
    },
    "hip_l_3": {
      "mse": 0.05560660734772682,
      "mae": 0.19171789288520813,
      "correlation": -0.0015029690677772723
    },
    "hip_l_4": {
      "mse": 0.10162000358104706,
      "mae": 0.317918062210083,
      "correlation": 0.009887363340205175
    },
    "hip_l_5": {
      "mse": 0.020147010684013367,
      "mae": 0.1274312138557434,
      "correlation": 0.0045753420863748106
    },
    "lumbar_0": {
      "mse": 0.9259320497512817,
      "mae": 0.9622079133987427,
      "correlation": -0.030660721196761317
    },
    "lumbar_1": {
      "mse": 0.015517938882112503,
      "mae": 0.1213233470916748,
      "correlation": 0.005116504407086953
    },
    "lumbar_2": {
      "mse": 0.026636598631739616,
      "mae": 0.15616574883460999,
      "correlation": -0.054493509535895976
    },
    "lumbar_3": {
      "mse": 0.004380996339023113,
      "mae": 0.060992538928985596,
      "correlation": -0.016488250078665265
    },
    "lumbar_4": {
      "mse": 0.012789938598871231,
      "mae": 0.11298425495624542,
      "correlation": -0.010897804899208465
    },
    "lumbar_5": {
      "mse": 0.010557567700743675,
      "mae": 0.09287311881780624,
      "correlation": -0.03564754885485594
    },
    "pelvis_x_angular_vel": {
      "mse": 1.0753347873687744,
      "mae": 0.8981037735939026,
      "correlation": 0.003563271304971522
    },
    "pelvis_y_angular_vel": {
      "mse": 6.75163459777832,
      "mae": 2.558133363723755,
      "correlation": -0.004939314972682486
    },
    "pelvis_z_angular_vel": {
      "mse": 0.3697267770767212,
      "mae": 0.573732852935791,
      "correlation": 0.0026821435156604546
    },
    "hip_r_x_angular_vel": {
      "mse": 1.5899604558944702,
      "mae": 1.0978386402130127,
      "correlation": -0.026155468740968697
    },
    "hip_r_y_angular_vel": {
      "mse": 87.19750213623047,
      "mae": 9.305025100708008,
      "correlation": -0.011459658771508788
    },
    "hip_r_z_angular_vel": {
      "mse": 2.019026517868042,
      "mae": 0.9329118728637695,
      "correlation": 0.021207305031533397
    },
    "hip_l_x_angular_vel": {
      "mse": 1.1012763977050781,
      "mae": 0.9037114381790161,
      "correlation": 0.022307151486604095
    },
    "hip_l_y_angular_vel": {
      "mse": 4.903539657592773,
      "mae": 2.1164770126342773,
      "correlation": -0.0071579141183627975
    },
    "hip_l_z_angular_vel": {
      "mse": 5.045839309692383,
      "mae": 2.076772451400757,
      "correlation": 0.004437867930456938
    },
    "lumbar_x_angular_vel": {
      "mse": 6.0132222175598145,
      "mae": 2.356747627258301,
      "correlation": -0.010883985146180912
    },
    "lumbar_y_angular_vel": {
      "mse": 44.4581298828125,
      "mae": 6.60883903503418,
      "correlation": -0.0068214467471519775
    },
    "lumbar_z_angular_vel": {
      "mse": 0.3358766734600067,