{
  "overall": {
    "mse": 2.2003471851348877,
    "mae": 0.7748458981513977,
    "rmse": 1.4833567142486572,
    "correlation": 0.3454651423884172,
    "num_masked_channels": 9
  },
  "per_channel": {
    "pelvis_tx": {
      "mse": 0.012373688630759716,
      "mae": 0.09443509578704834,
      "correlation": -0.584155437594834
    },
    "pelvis_ty": {
      "mse": 0.000609832291956991,
      "mae": 0.01974697783589363,
      "correlation": -0.15908057653435695
    },
    "pelvis_tz": {
      "mse": 0.0034519555047154427,
      "mae": 0.04934503138065338,
      "correlation": -0.26076293065136286
    },
    "knee_angle_r": {
      "mse": 0.2198648899793625,
      "mae": 0.3798220157623291,
      "correlation": -0.1878222122516137
    },
    "ankle_angle_r": {
      "mse": 0.7241871953010559,
      "mae": 0.8471051454544067,
      "correlation": 0.4111313059231821
    },
    "subtalar_angle_r": {
      "mse": 0.27852898836135864,
      "mae": 0.5277582406997681,
      "correlation": NaN
    },
    "knee_angle_l": {
      "mse": 0.18998868763446808,
      "mae": 0.2789183259010315,
      "correlation": 0.63164158603915
    },
    "ankle_angle_l": {
      "mse": 18.100378036499023,
      "mae": 4.253279685974121,
      "correlation": 0.48766356376196635
    },
    "subtalar_angle_l": {
      "mse": 0.27374160289764404,
      "mae": 0.5232029557228088,
      "correlation": NaN
    }
  }
}