{
  "max_z_score": 4.436704635620117,
  "outlier_ratio": 0.0,
  "avg_smoothness": {
    "mean": 0.031180288642644882,
    "max": 0.6927968263626099
  },
  "max_jump": {
    "mean": 0.10116040706634521,
    "max": 2.094682216644287
  },
  "periodicity_score": 0.2723683174634562
}