{
  "num_samples": 5,
  "seq_len": 150,
  "diversity_metrics": {
    "num_samples": 5,
    "avg_pairwise_distance": 0.17290836572647095,
    "avg_variance_per_channel": {
      "mean": 0.012270151637494564,
      "std": 0.06750205904245377,
      "min": 1.8770939663736996e-11,
      "max": 0.5166919231414795
    },
    "channel_statistics": {
      "mean": [
        0.06914325803518295,
        -0.00751920323818922,
        -0.028019968420267105,
        -0.259407639503479,
        1.0229301452636719,
        0.5227890014648438,
        -0.19941584765911102,
        4.072626113891602,
        0.523537278175354,
        0.7375209331512451,
        15.165364265441895,
        -1.695857286453247,
        -2.797863721847534,
        -1.339650273323059,
        -2.296792984008789,
        -0.8158276081085205,
        15.35252571105957,
        -0.9877924919128418,
        -0.49426478147506714,
        1.190889835357666,
        -3.9612793922424316,
        0.8802238702774048,
        0.186849445104599,
        -0.14577431976795197,
        -0.18598948419094086,
        0.8673428297042847,
        -0.011844318360090256,
        0.030828461050987244,
        -0.2980549931526184,
        0.22910593450069427,
        0.21547642350196838,
        0.6770511269569397,
        0.06793325394392014,
        0.026665957644581795,
        -0.2985500991344452,
        0.14717045426368713,
        0.21963171660900116,
        0.647117018699646,
        0.006402889266610146,
        0.014386370778083801,
        0.25009334087371826,
        0.009805023670196533,
        -0.07299447804689407,
        0.8725610971450806,
        -0.016117887571454048,
        0.8488450646400452,
        -2.526972770690918,
        -0.5706754326820374,
        1.0432878732681274,
        -9.06456470489502,
        0.8838232159614563,
        -0.7133111953735352,
        1.9789501428604126,
        -1.892771601676941,
        -2.342782974243164,
        6.480524063110352,
        -0.4534532427787781,
        -0.000658892618957907,
        -0.011737520806491375,
        0.5249339938163757,
        0.008924251422286034,
        -0.04550815746188164,
        0.5272566080093384
      ],
      "std": [
        9.584320650901645e-05,
        4.6148816181812435e-06,
        1.994255762838293e-05,
        0.0013264069566503167,
        0.00466438103467226,
        0.00010769382060971111,
        0.0011708310339599848,
        0.03360921889543533,
        0.0001421117049176246,
        0.0016886598896235228,
        0.029877616092562675,
        0.01634703017771244,
        0.013571792282164097,
        0.000996708869934082,
        0.011802589520812035,
        0.0014117119135335088,
        0.04314064234495163,
        0.012559164315462112,
        0.019231192767620087,
        0.0009500571177341044,
        0.0192965529859066,
        1.0802830729517154e-05,
        0.00013565036351792514,
        0.00015619538316968828,
        0.00017084614955820143,
        1.572815381223336e-05,
        5.5984088248806074e-05,
        0.0007066051475703716,
        0.0003475072153378278,
        0.00048319483175873756,
        0.00043462810572236776,
        7.291750807780772e-05,
        0.00018495462427381426,
        0.000744879711419344,
        0.0002573643869254738,
        0.0005980427959002554,
        0.000312289921566844,
        7.379302405752242e-05,
        6.348010356305167e-05,
        0.0004641313280444592,
        0.0001458717160858214,
        0.0006556829321198165,
        0.00023657482233829796,
        1.0510037100175396e-05,
        0.00013049838889855891,
        0.022663522511720657,
        0.03572079911828041,
        0.02274867333471775,
        0.028873993083834648,
        0.4232645630836487,
        0.1014786958694458,
        0.026995914056897163,
        0.30333033204078674,
        0.017014488577842712,
        0.07275062054395676,
        0.7792638540267944,
        0.061906084418296814,
        1.3668333849636838e-05,
        0.0002692617999855429,
        0.00022059676120989025,
        1.7007745555019937e-05,
        0.0004650553164537996,
        0.00019754390814341605
      ]
    }
  },
  "avg_realism_metrics": {
    "avg_outlier_ratio": 0.0,
    "avg_periodicity_score": 0.2861879555448354
  },
  "per_sample_realism": [
    {
      "sample_id": 0,
      "max_z_score": 3.8897902965545654,
      "outlier_ratio": 0.0,
      "avg_smoothness": {
        "mean": 0.03012867085635662,
        "max": 0.6756390333175659
      },
      "max_jump": {
        "mean": 0.11945594102144241,
        "max": 2.368943691253662
      },
      "periodicity_score": 0.17483605136664956
    },
    {
      "sample_id": 1,
      "max_z_score": 3.9059317111968994,
      "outlier_ratio": 0.0,
      "avg_smoothness": {
        "mean": 0.029956655576825142,
        "max": 0.6758244633674622
      },
      "max_jump": {
        "mean": 0.11746618151664734,
        "max": 3.1616578102111816
      },
      "periodicity_score": 0.4071914291549166
    },
    {
      "sample_id": 2,
      "max_z_score": 3.9438517093658447,
      "outlier_ratio": 0.0,
      "avg_smoothness": {
        "mean": 0.03054998442530632,
        "max": 0.7553088068962097
      },
      "max_jump": {
        "mean": 0.09240858256816864,
        "max": 2.0120224952697754
      },
      "periodicity_score": 0.10367170009680306
    },
    {
      "sample_id": 3,
      "max_z_score": 4.436704635620117,
      "outlier_ratio": 0.0,
      "avg_smoothness": {
        "mean": 0.031180288642644882,
        "max": 0.6927968263626099
      },
      "max_jump": {
        "mean": 0.10116040706634521,
        "max": 2.094682216644287
      },
      "periodicity_score": 0.2723683174634562
    },
    {
      "sample_id": 4,
      "max_z_score": 3.4640910625457764,
      "outlier_ratio": 0.0,
      "avg_smoothness": {
        "mean": 0.031081976369023323,
        "max": 0.6981208920478821
      },
      "max_jump": {
        "mean": 0.11149071902036667,
        "max": 2.1473379135131836
      },
      "periodicity_score": 0.47287227964235157
    }
  ]
}