{
  "max_z_score": 3.9059317111968994,
  "outlier_ratio": 0.0,
  "avg_smoothness": {
    "mean": 0.029956655576825142,
    "max": 0.6758244633674622
  },
  "max_jump": {
    "mean": 0.11746618151664734,
    "max": 3.1616578102111816
  },
  "periodicity_score": 0.4071914291549166
}