{
  "overall": {
    "mse": 2.150655746459961,
    "mae": 0.7494853138923645,
    "rmse": 1.4665113687515259,
    "correlation": 0.34252726445034243,
    "num_masked_channels": 9
  },
  "per_channel": {
    "pelvis_tx": {
      "mse": 0.002470106817781925,
      "mae": 0.03650340810418129,
      "correlation": -0.620915700304163
    },
    "pelvis_ty": {
      "mse": 0.00021703247330151498,
      "mae": 0.012316472828388214,
      "correlation": -0.07782826159876442
    },
    "pelvis_tz": {
      "mse": 0.001253330847248435,
      "mae": 0.028412993997335434,
      "correlation": -0.46900138351982285
    },
    "knee_angle_r": {
      "mse": 0.15725146234035492,
      "mae": 0.28294456005096436,
      "correlation": -0.032913238547398194
    },
    "ankle_angle_r": {
      "mse": 0.7078519463539124,
      "mae": 0.8370786309242249,
      "correlation": 0.4356072276792729
    },
    "subtalar_angle_r": {
      "mse": 0.2794569432735443,
      "mae": 0.5286366939544678,
      "correlation": NaN
    },
    "knee_angle_l": {
      "mse": 0.17086787521839142,
      "mae": 0.2833878695964813,
      "correlation": 0.5322285095009169
    },
    "ankle_angle_l": {
      "mse": 17.762874603271484,
      "mae": 4.212965488433838,
      "correlation": 0.163386318004256
    },
    "subtalar_angle_l": {
      "mse": 0.2736559212207794,
      "mae": 0.5231211185455322,
      "correlation": NaN
    }
  }
}