{
  "max_z_score": 3.8897902965545654,
  "outlier_ratio": 0.0,
  "avg_smoothness": {
    "mean": 0.03012867085635662,
    "max": 0.6756390333175659
  },
  "max_jump": {
    "mean": 0.11945594102144241,
    "max": 2.368943691253662
  },
  "periodicity_score": 0.17483605136664956
}