{
  "overall": {
    "mse": 7.302618503570557,
    "mae": 1.242233157157898,
    "rmse": 2.702335834503174,
    "correlation": NaN
  },
  "per_channel": {
    "pelvis_tx": {
      "mse": 0.002460499992594123,
      "mae": 0.03857840970158577,
      "correlation": -0.034991872056168286
    },
    "pelvis_ty": {
      "mse": 0.0002787788980640471,
      "mae": 0.013915952295064926,
      "correlation": 0.022623038290932873
    },
    "pelvis_tz": {
      "mse": 0.003741118125617504,
      "mae": 0.0556349977850914,
      "correlation": -0.036368929053078335
    },
    "knee_angle_r": {
      "mse": 0.23980176448822021,
      "mae": 0.39795756340026855,
      "correlation": -0.0022057759036457148
    },
    "ankle_angle_r": {
      "mse": 0.5519124865531921,
      "mae": 0.7352994084358215,
      "correlation": -0.018206841587387397
    },
    "subtalar_angle_r": {
      "mse": 0.27346569299697876,
      "mae": 0.5229320526123047,
      "correlation": NaN
    },
    "knee_angle_l": {
      "mse": 0.29925665259361267,
      "mae": 0.449541300535202,
      "correlation": -0.011448403566219584
    },
    "ankle_angle_l": {
      "mse": 14.573049545288086,
      "mae": 3.816228151321411,
      "correlation": 0.004455579454741217
    },
    "subtalar_angle_l": {
      "mse": 0.2740989625453949,
      "mae": 0.5235267281532288,
      "correlation": NaN
    },
    "calcn_r_force_vx": {
      "mse": 0.285488098859787,
      "mae": 0.42820748686790466,
      "correlation": 0.005737952359349504
    },
    "calcn_r_force_vy": {
      "mse": 122.56478118896484,
      "mae": 10.293069839477539,
      "correlation": 0.013962005544023309
    },
    "calcn_r_force_vz": {
      "mse": 1.3734130859375,
      "mae": 0.9596030116081238,
      "correlation": 0.01923326552530056
    },
    "calcn_r_force_normed_cop_x": {
      "mse": 6.487532615661621,
      "mae": 2.4873900413513184,
      "correlation": 0.00903116681010454
    },
    "calcn_r_force_normed_cop_y": {
      "mse": 1.190593957901001,
      "mae": 1.0645273923873901,
      "correlation": -0.0021535310108674807
    },
    "calcn_r_force_normed_cop_z": {
      "mse": 4.774807929992676,
      "mae": 2.1540310382843018,
      "correlation": 0.0012537914665116357
    },
    "calcn_l_force_vx": {
      "mse": 0.3344625234603882,
      "mae": 0.4613500237464905,
      "correlation": -0.00719287222727687
    },
    "calcn_l_force_vy": {
      "mse": 122.81041717529297,
      "mae": 10.313167572021484,
      "correlation": 0.0019643023505803913
    },
    "calcn_l_force_vz": {
      "mse": 0.7271287441253662,
      "mae": 0.7581419348716736,
      "correlation": -0.006137624357133277
    },
    "calcn_l_force_normed_cop_x": {
      "mse": 1.1683142185211182,
      "mae": 0.8689043521881104,
      "correlation": -0.020533498192314772
    },
    "calcn_l_force_normed_cop_y": {
      "mse": 0.8629605174064636,
      "mae": 0.8956720232963562,
      "correlation": -0.023657670363950667
    },
    "calcn_l_force_normed_cop_z": {
      "mse": 14.60742473602295,
      "mae": 3.798086166381836,
      "correlation": -0.0018724566189398716
    },
    "pelvis_0": {
      "mse": 0.010132335126399994,
      "mae": 0.10053882002830505,
      "correlation": -2.3025809478437677e-05
    },
    "pelvis_1": {
      "mse": 0.0005928102182224393,
      "mae": 0.019197316840291023,
      "correlation": 0.0004279159023117159
    },
    "pelvis_2": {
      "mse": 0.0266254935413599,
      "mae": 0.14501754939556122,
      "correlation": -0.008791977963568457
    },
    "pelvis_3": {
      "mse": 0.0005408034194260836,
      "mae": 0.018320057541131973,
      "correlation": 0.018219795805363332
    },
    "pelvis_4": {
      "mse": 0.012988383881747723,
      "mae": 0.11386721581220627,
      "correlation": -0.01346522447953341
    },
    "pelvis_5": {
      "mse": 0.0030237077735364437,
      "mae": 0.04872400313615799,
      "correlation": 0.01794736405378929
    },
    "hip_r_0": {
      "mse": 0.7732831239700317,
      "mae": 0.8747208118438721,
      "correlation": 0.021476183783180402
    },
    "hip_r_1": {
      "mse": 0.0863514393568039,
      "mae": 0.2609234154224396,
      "correlation": 0.011483078425456244
    },
    "hip_r_2": {
      "mse": 0.0353802852332592,
      "mae": 0.1782190352678299,
      "correlation": 0.028340291087613177
    },
    "hip_r_3": {
      "mse": 0.08961693197488785,
      "mae": 0.26727601885795593,
      "correlation": 0.016435772060942773
    },
    "hip_r_4": {
      "mse": 0.06067238003015518,
      "mae": 0.22846679389476776,
      "correlation": 0.015200560347417718
    },
    "hip_r_5": {
      "mse": 0.010015458799898624,
      "mae": 0.0817706286907196,
      "correlation": 0.015377340452297189
    },
    "hip_l_0": {
      "mse": 0.7594134211540222,
      "mae": 0.8658534288406372,
      "correlation": 0.029588962431139405
    },
    "hip_l_1": {
      "mse": 0.09695139527320862,
      "mae": 0.2789449393749237,
      "correlation": 0.001113503511647166
    },
    "hip_l_2": {
      "mse": 0.004057987127453089,
      "mae": 0.04945528507232666,
      "correlation": -0.005587132116633572
    },
    "hip_l_3": {
      "mse": 0.09804198145866394,
      "mae": 0.28136730194091797,
      "correlation": 0.014195800099242083
    },
    "hip_l_4": {
      "mse": 0.0725032165646553,
      "mae": 0.2502926290035248,
      "correlation": -0.0001334882830557264
    },
    "hip_l_5": {
      "mse": 0.008664286695420742,
      "mae": 0.08135875314474106,
      "correlation": 0.034248235060374575
    },
    "lumbar_0": {
      "mse": 0.893518328666687,
      "mae": 0.9451743364334106,
      "correlation": -0.003373762593780923
    },
    "lumbar_1": {
      "mse": 0.0022127351257950068,
      "mae": 0.04089769348502159,
      "correlation": 0.05809112523026755
    },
    "lumbar_2": {
      "mse": 0.03127600997686386,
      "mae": 0.16748616099357605,
      "correlation": 0.036933556050838985
    },
    "lumbar_3": {
      "mse": 0.02278018929064274,
      "mae": 0.14783762395381927,
      "correlation": 0.1214692038649282
    },
    "lumbar_4": {
      "mse": 0.009911810979247093,
      "mae": 0.09924566000699997,
      "correlation": 0.019668999579488682
    },
    "lumbar_5": {
      "mse": 0.00657786475494504,
      "mae": 0.07020827382802963,
      "correlation": -0.03520709440995257
    },
    "pelvis_x_angular_vel": {
      "mse": 0.9125028252601624,
      "mae": 0.8720389008522034,
      "correlation": 0.012557427137142651
    },
    "pelvis_y_angular_vel": {
      "mse": 6.738119602203369,
      "mae": 2.5559871196746826,
      "correlation": 0.007320077961067902
    },
    "pelvis_z_angular_vel": {
      "mse": 0.35236018896102905,
      "mae": 0.5685874223709106,
      "correlation": -0.02331560224977173
    },
    "hip_r_x_angular_vel": {
      "mse": 1.3166413307189941,
      "mae": 1.0257248878479004,
      "correlation": 0.00358875447033147
    },
    "hip_r_y_angular_vel": {
      "mse": 88.2314453125,
      "mae": 9.360933303833008,
      "correlation": -0.009793525698931004
    },
    "hip_r_z_angular_vel": {
      "mse": 3.671064853668213,
      "mae": 1.43010675907135,
      "correlation": -0.010473916278811314
    },
    "hip_l_x_angular_vel": {
      "mse": 0.8497642278671265,
      "mae": 0.782463550567627,
      "correlation": -0.0010895289744489369
    },
    "hip_l_y_angular_vel": {
      "mse": 4.8974432945251465,
      "mae": 2.098628282546997,
      "correlation": -0.0008859829449621505
    },
    "hip_l_z_angular_vel": {
      "mse": 6.926673889160156,
      "mae": 2.364130973815918,
      "correlation": -0.004280459257041968
    },
    "lumbar_x_angular_vel": {
      "mse": 5.887613296508789,
      "mae": 2.3645927906036377,
      "correlation": -0.0009015233324704315
    },
    "lumbar_y_angular_vel": {
      "mse": 42.885894775390625,
      "mae": 6.503414630889893,
      "correlation": 0.006859452806622133
    },