{
  "overall": {
    "mse": 7.652889728546143,
    "mae": 1.3005040884017944,
    "rmse": 2.766385793685913,
    "correlation": NaN
  },
  "per_channel": {
    "pelvis_tx": {
      "mse": 0.029530547559261322,
      "mae": 0.15360784530639648,
      "correlation": -0.05834926940016001
    },
    "pelvis_ty": {
      "mse": 0.00035305912024341524,
      "mae": 0.016123581677675247,
      "correlation": 0.0025436955925309543
    },
    "pelvis_tz": {
      "mse": 0.001237139804288745,
      "mae": 0.028089139610528946,
      "correlation": -0.0021525708091638717
    },
    "knee_angle_r": {
      "mse": 0.15756700932979584,
      "mae": 0.27351114153862,
      "correlation": -0.01230273100028036
    },
    "ankle_angle_r": {
      "mse": 0.9939786791801453,
      "mae": 0.989613950252533,
      "correlation": 0.024722700360992115
    },
    "subtalar_angle_r": {
      "mse": 0.2734568119049072,
      "mae": 0.5229381322860718,
      "correlation": 0.004067862091221007
    },
    "knee_angle_l": {
      "mse": 0.1966652274131775,
      "mae": 0.2979402244091034,
      "correlation": 0.000818793743663161
    },
    "ankle_angle_l": {
      "mse": 16.42870330810547,
      "mae": 4.051080703735352,
      "correlation": 0.02163481905175502
    },
    "subtalar_angle_l": {
      "mse": 0.27410247921943665,
      "mae": 0.5235278010368347,
      "correlation": 0.015189281864046339
    },
    "calcn_r_force_vx": {
      "mse": 0.2974907457828522,
      "mae": 0.4519071578979492,
      "correlation": 0.01366309719961188
    },
    "calcn_r_force_vy": {
      "mse": 123.60588836669922,
      "mae": 10.208751678466797,
      "correlation": -0.019036624449111323
    },
    "calcn_r_force_vz": {
      "mse": 3.2253358364105225,
      "mae": 1.6922518014907837,
      "correlation": -0.012904841779308911
    },
    "calcn_r_force_normed_cop_x": {
      "mse": 9.59495735168457,
      "mae": 3.0028629302978516,
      "correlation": 0.04414282359455079
    },
    "calcn_r_force_normed_cop_y": {
      "mse": 1.244592547416687,
      "mae": 1.0923010110855103,
      "correlation": 0.0053858464498483085
    },
    "calcn_r_force_normed_cop_z": {
      "mse": 6.784542083740234,
      "mae": 2.533316135406494,
      "correlation": 0.027003397184524866
    },
    "calcn_l_force_vx": {
      "mse": 0.34789901971817017,
      "mae": 0.4898775517940521,
      "correlation": 0.02039213629090917
    },
    "calcn_l_force_vy": {
      "mse": 124.11080169677734,
      "mae": 10.245594024658203,
      "correlation": 0.003607946395410713
    },
    "calcn_l_force_vz": {
      "mse": 1.4664777517318726,
      "mae": 1.06743323802948,
      "correlation": -0.002382330712631212
    },
    "calcn_l_force_normed_cop_x": {
      "mse": 2.793503999710083,
      "mae": 1.291460633277893,
      "correlation": 0.007227620514670261
    },
    "calcn_l_force_normed_cop_y": {
      "mse": 0.9603039622306824,
      "mae": 0.958311915397644,
      "correlation": 0.012203991995690477
    },
    "calcn_l_force_normed_cop_z": {
      "mse": 18.202756881713867,
      "mae": 4.2195258140563965,
      "correlation": 0.02003498158480031
    },
    "pelvis_0": {
      "mse": 0.013317417353391647,
      "mae": 0.11534584313631058,
      "correlation": -0.054883612667663575
    },
    "pelvis_1": {
      "mse": 0.05172564089298248,
      "mae": 0.22631093859672546,
      "correlation": 0.017841507780208297
    },
    "pelvis_2": {
      "mse": 0.03132200613617897,
      "mae": 0.1572260707616806,
      "correlation": 0.019283032760167934
    },
    "pelvis_3": {
      "mse": 0.04912825673818588,
      "mae": 0.22076855599880219,
      "correlation": 0.04994658598559054
    },
    "pelvis_4": {
      "mse": 0.0164408590644598,
      "mae": 0.12819169461727142,
      "correlation": 0.0031054717934713354
    },
    "pelvis_5": {
      "mse": 0.007196812424808741,
      "mae": 0.07781277596950531,
      "correlation": -0.02688611725421574
    },
    "hip_r_0": {
      "mse": 0.8508813381195068,
      "mae": 0.9218689799308777,
      "correlation": -0.0007226997613111397
    },
    "hip_r_1": {
      "mse": 0.10010657459497452,
      "mae": 0.24897192418575287,
      "correlation": 0.012391935703982117
    },
    "hip_r_2": {
      "mse": 0.024160398170351982,
      "mae": 0.14208738505840302,
      "correlation": 0.009858882160362813
    },
    "hip_r_3": {
      "mse": 0.0709177702665329,
      "mae": 0.22537453472614288,
      "correlation": -0.019476216478452945
    },
    "hip_r_4": {
      "mse": 0.07690144330263138,
      "mae": 0.27526992559432983,
      "correlation": -0.008553622206744061
    },
    "hip_r_5": {
      "mse": 0.02339601330459118,
      "mae": 0.1284422129392624,
      "correlation": -0.002259904529690512
    },
    "hip_l_0": {
      "mse": 0.8408704996109009,
      "mae": 0.9161872267723083,
      "correlation": -0.034707497538287
    },
    "hip_l_1": {
      "mse": 0.1070077121257782,
      "mae": 0.2649972438812256,
      "correlation": -0.010308391877730373
    },
    "hip_l_2": {
      "mse": 0.005568427965044975,
      "mae": 0.06225317344069481,
      "correlation": 0.0046044631511450934
    },
    "hip_l_3": {
      "mse": 0.07617130875587463,
      "mae": 0.23659037053585052,
      "correlation": -0.018156360878725592
    },
    "hip_l_4": {
      "mse": 0.09228069335222244,
      "mae": 0.30132603645324707,
      "correlation": -0.021752104400831453
    },
    "hip_l_5": {
      "mse": 0.017573880031704903,
      "mae": 0.11892835795879364,
      "correlation": 0.009250468477384475
    },
    "lumbar_0": {
      "mse": 0.9197951555252075,
      "mae": 0.9584729075431824,
      "correlation": -0.061112719857397024
    },
    "lumbar_1": {
      "mse": 0.010324259288609028,
      "mae": 0.09806756675243378,
      "correlation": 0.04448760291604187
    },
    "lumbar_2": {
      "mse": 0.028330231085419655,
      "mae": 0.1511414498090744,
      "correlation": -0.02896489174550703
    },
    "lumbar_3": {
      "mse": 0.010351975448429585,
      "mae": 0.08654385060071945,
      "correlation": 0.004264828944524932
    },
    "lumbar_4": {
      "mse": 0.012302144430577755,
      "mae": 0.11071983724832535,
      "correlation": 0.04761917107002206
    },
    "lumbar_5": {
      "mse": 0.008017071522772312,
      "mae": 0.08085121959447861,
      "correlation": -0.038550707312727625
    },
    "pelvis_x_angular_vel": {
      "mse": 1.114295244216919,
      "mae": 0.8983269929885864,
      "correlation": -0.010023042276008835
    },
    "pelvis_y_angular_vel": {
      "mse": 6.740093231201172,
      "mae": 2.55764102935791,
      "correlation": -0.013943247870406123
    },
    "pelvis_z_angular_vel": {
      "mse": 0.363899827003479,
      "mae": 0.5716489553451538,
      "correlation": 0.007337740408257805
    },
    "hip_r_x_angular_vel": {
      "mse": 1.6578757762908936,
      "mae": 1.1033060550689697,
      "correlation": -0.014238426292593342
    },
    "hip_r_y_angular_vel": {
      "mse": 86.19274139404297,
      "mae": 9.251319885253906,
      "correlation": 0.007958106869185777
    },
    "hip_r_z_angular_vel": {
      "mse": 2.8992865085601807,
      "mae": 1.1617976427078247,
      "correlation": 0.0003423777899921179
    },
    "hip_l_x_angular_vel": {
      "mse": 1.1279503107070923,
      "mae": 0.9086499214172363,
      "correlation": 0.006776305750876243
    },
    "hip_l_y_angular_vel": {
      "mse": 4.728247165679932,
      "mae": 2.0693578720092773,
      "correlation": 0.004725081445031946
    },
    "hip_l_z_angular_vel": {
      "mse": 6.07048225402832,
      "mae": 2.2750585079193115,
      "correlation": -0.006887704427801951
    },
    "lumbar_x_angular_vel": {
      "mse": 6.132882118225098,
      "mae": 2.3692901134490967,
      "correlation": -0.0018265624615237805
    },
    "lumbar_y_angular_vel": {
      "mse": 49.69478988647461,
      "mae": 6.701638221740723,
      "correlation": -0.007452244832931317
    },