{
  "overall": {
    "mse": 7.5459418296813965,
    "mae": 1.287938117980957,
    "rmse": 2.746987819671631,
    "correlation": NaN
  },
  "per_channel": {
    "pelvis_tx": {
      "mse": 0.006744318641722202,
      "mae": 0.07181748747825623,
      "correlation": 0.07106661110678152
    },
    "pelvis_ty": {
      "mse": 0.00018951036327052861,
      "mae": 0.011305886320769787,
      "correlation": 0.0025932370260066027
    },
    "pelvis_tz": {
      "mse": 0.0006494758417829871,
      "mae": 0.0205997284501791,
      "correlation": -0.0761196629076089
    },
    "knee_angle_r": {
      "mse": 0.1837978959083557,
      "mae": 0.29224783182144165,
      "correlation": -0.0019576587107522606
    },
    "ankle_angle_r": {
      "mse": 0.9510881304740906,
      "mae": 0.9687236547470093,
      "correlation": -0.01120201849198177
    },
    "subtalar_angle_r": {
      "mse": 0.27348896861076355,
      "mae": 0.5229610800743103,
      "correlation": NaN
    },
    "knee_angle_l": {
      "mse": 0.22237016260623932,
      "mae": 0.32420697808265686,
      "correlation": 0.0047952324328359155
    },
    "ankle_angle_l": {
      "mse": 16.311983108520508,
      "mae": 4.036748886108398,
      "correlation": 0.01312056376813449
    },
    "subtalar_angle_l": {
      "mse": 0.27411049604415894,
      "mae": 0.5235358476638794,
      "correlation": NaN
    },
    "calcn_r_force_vx": {
      "mse": 0.29261213541030884,
      "mae": 0.4416138827800751,
      "correlation": -0.03423862491810468
    },
    "calcn_r_force_vy": {
      "mse": 123.51970672607422,
      "mae": 10.215208053588867,
      "correlation": -0.000955834874056524
    },
    "calcn_r_force_vz": {
      "mse": 3.281418561935425,
      "mae": 1.693711757659912,
      "correlation": -0.00937257662243839
    },
    "calcn_r_force_normed_cop_x": {
      "mse": 7.441771984100342,
      "mae": 2.6320695877075195,
      "correlation": 0.0012986414658848705
    },
    "calcn_r_force_normed_cop_y": {
      "mse": 1.2375946044921875,
      "mae": 1.086695909500122,
      "correlation": -0.058766287767531004
    },
    "calcn_r_force_normed_cop_z": {
      "mse": 5.051881313323975,
      "mae": 2.1898205280303955,
      "correlation": -0.008815010976655048
    },
    "calcn_l_force_vx": {
      "mse": 0.3513859808444977,
      "mae": 0.47695547342300415,
      "correlation": 0.025040315785976673
    },
    "calcn_l_force_vy": {
      "mse": 124.30537414550781,
      "mae": 10.23706340789795,
      "correlation": 0.0006342973983943681
    },
    "calcn_l_force_vz": {
      "mse": 1.522257685661316,
      "mae": 1.0734846591949463,
      "correlation": -0.004032682713954045
    },
    "calcn_l_force_normed_cop_x": {
      "mse": 1.7379093170166016,
      "mae": 1.0081039667129517,
      "correlation": 0.031469698235451794
    },
    "calcn_l_force_normed_cop_y": {
      "mse": 0.9555774927139282,
      "mae": 0.953013002872467,
      "correlation": 0.017373668521358077
    },
    "calcn_l_force_normed_cop_z": {
      "mse": 15.529939651489258,
      "mae": 3.9007556438446045,
      "correlation": 0.010418191167737156
    },
    "pelvis_0": {
      "mse": 0.013316122815012932,
      "mae": 0.1153288185596466,
      "correlation": -0.015997948371305998
    },
    "pelvis_1": {
      "mse": 0.05309901386499405,
      "mae": 0.22915388643741608,
      "correlation": 0.02086366382751438
    },
    "pelvis_2": {
      "mse": 0.03875705599784851,
      "mae": 0.18364854156970978,
      "correlation": 0.004297638335056758
    },
    "pelvis_3": {
      "mse": 0.050747498869895935,
      "mae": 0.22421859204769135,
      "correlation": -0.0033149344821045046
    },
    "pelvis_4": {
      "mse": 0.01637044921517372,
      "mae": 0.12791338562965393,
      "correlation": -0.010740877583041417
    },
    "pelvis_5": {
      "mse": 0.007365472614765167,
      "mae": 0.07915475964546204,
      "correlation": 0.005078930353597193
    },
    "hip_r_0": {
      "mse": 0.8441644906997681,
      "mae": 0.9180179834365845,
      "correlation": -0.02255924109935914
    },
    "hip_r_1": {
      "mse": 0.09739109128713608,
      "mae": 0.24894799292087555,
      "correlation": -0.006017539321088348
    },
    "hip_r_2": {
      "mse": 0.031105007976293564,
      "mae": 0.1663246601819992,
      "correlation": 0.009148898034101493
    },
    "hip_r_3": {
      "mse": 0.07360238581895828,
      "mae": 0.23282752931118011,
      "correlation": -0.00206179807291579
    },
    "hip_r_4": {
      "mse": 0.07428192347288132,
      "mae": 0.269752562046051,
      "correlation": 0.029498255960626014
    },
    "hip_r_5": {
      "mse": 0.020673459395766258,
      "mae": 0.11969438940286636,
      "correlation": -0.005112014461240472
    },
    "hip_l_0": {
      "mse": 0.8319873809814453,
      "mae": 0.9112420082092285,
      "correlation": 0.02057632245520116
    },
    "hip_l_1": {
      "mse": 0.11040877550840378,
      "mae": 0.2689732611179352,
      "correlation": -0.011701419018619678
    },
    "hip_l_2": {
      "mse": 0.005373538471758366,
      "mae": 0.05988605320453644,
      "correlation": -0.047684946184655144
    },
    "hip_l_3": {
      "mse": 0.08145032078027725,
      "mae": 0.2447775900363922,
      "correlation": -0.014207287319714964
    },
    "hip_l_4": {
      "mse": 0.08995286375284195,
      "mae": 0.29719704389572144,
      "correlation": 0.0007838698521956249
    },
    "hip_l_5": {
      "mse": 0.015545595437288284,
      "mae": 0.11036501824855804,
      "correlation": -0.0018422450878414587
    },
    "lumbar_0": {
      "mse": 0.9214000105857849,
      "mae": 0.9598275423049927,
      "correlation": -0.019442520915598283
    },
    "lumbar_1": {
      "mse": 0.010052666068077087,
      "mae": 0.0978798046708107,
      "correlation": 0.10756799506669125
    },
    "lumbar_2": {
      "mse": 0.02534092217683792,
      "mae": 0.14684076607227325,
      "correlation": -0.021006364134641096
    },
    "lumbar_3": {
      "mse": 0.007218446582555771,
      "mae": 0.08124767243862152,
      "correlation": 0.07389424405821332
    },
    "lumbar_4": {
      "mse": 0.012334886007010937,
      "mae": 0.11096059530973434,
      "correlation": 0.05790114580924085
    },
    "lumbar_5": {
      "mse": 0.007937555201351643,
      "mae": 0.08190346509218216,
      "correlation": -0.02597409534651337
    },
    "pelvis_x_angular_vel": {
      "mse": 1.2173542976379395,
      "mae": 0.9153591990470886,
      "correlation": 0.015069563394171823
    },
    "pelvis_y_angular_vel": {
      "mse": 6.779033184051514,
      "mae": 2.5616650581359863,
      "correlation": -0.014526646415387505
    },
    "pelvis_z_angular_vel": {
      "mse": 0.38219255208969116,
      "mae": 0.5680840611457825,
      "correlation": -0.004370948751246936
    },
    "hip_r_x_angular_vel": {
      "mse": 1.786624550819397,
      "mae": 1.1210243701934814,
      "correlation": -0.008170695546668803
    },
    "hip_r_y_angular_vel": {
      "mse": 89.06156158447266,
      "mae": 9.39914608001709,
      "correlation": -0.002334657587187345
    },
    "hip_r_z_angular_vel": {
      "mse": 3.6621644496917725,
      "mae": 1.3691532611846924,
      "correlation": -0.0004890974180101167
    },
    "hip_l_x_angular_vel": {
      "mse": 1.2470548152923584,
      "mae": 0.9586791396141052,
      "correlation": -0.002065917686858065
    },
    "hip_l_y_angular_vel": {
      "mse": 5.097628116607666,
      "mae": 2.1121208667755127,
      "correlation": 0.006040187690991145
    },
    "hip_l_z_angular_vel": {
      "mse": 6.976076602935791,
      "mae": 2.440981149673462,
      "correlation": -2.4768474192318066e-06
    },
    "lumbar_x_angular_vel": {
      "mse": 6.189003944396973,
      "mae": 2.3628435134887695,
      "correlation": 0.007010220867458526
    },
    "lumbar_y_angular_vel": {
      "mse": 45.19470977783203,
      "mae": 6.66263484954834,
      "correlation": -0.002114025424890307
    },