{
  "overall": {
    "mse": 7.528175354003906,
    "mae": 1.2778041362762451,
    "rmse": 2.7437520027160645,
    "correlation": NaN
  },
  "per_channel": {
    "pelvis_tx": {
      "mse": 0.009900533594191074,
      "mae": 0.08363523334264755,
      "correlation": 0.07398716753232693
    },
    "pelvis_ty": {
      "mse": 7.299992284970358e-05,
      "mae": 0.007309297099709511,
      "correlation": -0.021618680588514266
    },
    "pelvis_tz": {
      "mse": 0.0018672719597816467,
      "mae": 0.03406772390007973,
      "correlation": 0.06278320972468407
    },
    "knee_angle_r": {
      "mse": 0.1380857527256012,
      "mae": 0.25977328419685364,
      "correlation": 0.03280789557464927
    },
    "ankle_angle_r": {
      "mse": 0.9449238777160645,
      "mae": 0.9670888185501099,
      "correlation": 0.016516375028922687
    },
    "subtalar_angle_r": {
      "mse": 0.27352815866470337,
      "mae": 0.5230018496513367,
      "correlation": NaN
    },
    "knee_angle_l": {
      "mse": 0.17473483085632324,
      "mae": 0.2910284399986267,
      "correlation": 0.0035776393876630974
    },
    "ankle_angle_l": {
      "mse": 16.089191436767578,
      "mae": 4.009617805480957,
      "correlation": -0.0019864519564157888
    },
    "subtalar_angle_l": {
      "mse": 0.27410104870796204,
      "mae": 0.523517906665802,
      "correlation": NaN
    },
    "calcn_r_force_vx": {
      "mse": 0.27895569801330566,
      "mae": 0.41800013184547424,
      "correlation": -0.01850379402859189
    },
    "calcn_r_force_vy": {
      "mse": 124.1452865600586,
      "mae": 10.281367301940918,
      "correlation": -0.004485819211986486
    },
    "calcn_r_force_vz": {
      "mse": 3.025346279144287,
      "mae": 1.6970382928848267,
      "correlation": 0.0138930642293389
    },
    "calcn_r_force_normed_cop_x": {
      "mse": 8.12962818145752,
      "mae": 2.796706438064575,
      "correlation": -0.026212817522291532
    },
    "calcn_r_force_normed_cop_y": {
      "mse": 1.242580533027649,
      "mae": 1.0875605344772339,
      "correlation": 0.05612900592939071
    },
    "calcn_r_force_normed_cop_z": {
      "mse": 5.807229518890381,
      "mae": 2.369957208633423,
      "correlation": -0.029197112785545046
    },
    "calcn_l_force_vx": {
      "mse": 0.31896889209747314,
      "mae": 0.44999656081199646,
      "correlation": -0.009600177541657571
    },
    "calcn_l_force_vy": {
      "mse": 121.58116912841797,
      "mae": 10.16225528717041,
      "correlation": -0.005909797278353344
    },
    "calcn_l_force_vz": {
      "mse": 1.1631965637207031,
      "mae": 0.9922048449516296,
      "correlation": -1.0144716619265331e-06
    },
    "calcn_l_force_normed_cop_x": {
      "mse": 2.125849723815918,
      "mae": 1.186940312385559,
      "correlation": 0.029293657360700037
    },
    "calcn_l_force_normed_cop_y": {
      "mse": 0.9423446655273438,
      "mae": 0.9418161511421204,
      "correlation": -0.05745808667741624
    },
    "calcn_l_force_normed_cop_z": {
      "mse": 17.09157371520996,
      "mae": 4.106273174285889,
      "correlation": 0.02871498166538113
    },
    "pelvis_0": {
      "mse": 0.013589106500148773,
      "mae": 0.11653760820627213,
      "correlation": 0.01997454782527295
    },
    "pelvis_1": {
      "mse": 0.04707951843738556,
      "mae": 0.2161853164434433,
      "correlation": 0.013795764197837446
    },
    "pelvis_2": {
      "mse": 0.03554724156856537,
      "mae": 0.17689652740955353,
      "correlation": -0.0279778380186056
    },
    "pelvis_3": {
      "mse": 0.045406993478536606,
      "mae": 0.2123376876115799,
      "correlation": 0.005808671789522206
    },
    "pelvis_4": {
      "mse": 0.01683760993182659,
      "mae": 0.12973803281784058,
      "correlation": 0.036126239752612865
    },
    "pelvis_5": {
      "mse": 0.004435541108250618,
      "mae": 0.05919494107365608,
      "correlation": 0.012173595998734212
    },
    "hip_r_0": {
      "mse": 0.8663036227226257,
      "mae": 0.9302438497543335,
      "correlation": 0.012620010665395209
    },
    "hip_r_1": {
      "mse": 0.08006643503904343,
      "mae": 0.2224896103143692,
      "correlation": -0.022011557717462195
    },
    "hip_r_2": {
      "mse": 0.03030441515147686,
      "mae": 0.1665501594543457,
      "correlation": -0.017072307970817713
    },
    "hip_r_3": {
      "mse": 0.05689089000225067,
      "mae": 0.20194506645202637,
      "correlation": 0.03044768825542155
    },
    "hip_r_4": {
      "mse": 0.08125638961791992,
      "mae": 0.28313082456588745,
      "correlation": -0.013304305335919381
    },
    "hip_r_5": {
      "mse": 0.014385743997991085,
      "mae": 0.10292746126651764,
      "correlation": 0.021964321613782298
    },
    "hip_l_0": {
      "mse": 0.8603612184524536,
      "mae": 0.9269769787788391,
      "correlation": 0.05286456456938702
    },
    "hip_l_1": {
      "mse": 0.09657103568315506,
      "mae": 0.25162139534950256,
      "correlation": 0.01883417879343746
    },
    "hip_l_2": {
      "mse": 0.003292297711595893,
      "mae": 0.04743201285600662,
      "correlation": -0.001994178525692362
    },
    "hip_l_3": {
      "mse": 0.06631793081760406,
      "mae": 0.2194778472185135,
      "correlation": 0.035553510701852295
    },
    "hip_l_4": {
      "mse": 0.09808545559644699,
      "mae": 0.3116607666015625,
      "correlation": -0.0047569469527906924
    },
    "hip_l_5": {
      "mse": 0.012801041826605797,
      "mae": 0.09660164266824722,
      "correlation": 0.010096376037425457
    },
    "lumbar_0": {
      "mse": 0.9264643788337708,
      "mae": 0.9619883298873901,
      "correlation": -0.12289742819190194
    },
    "lumbar_1": {
      "mse": 0.011081024073064327,
      "mae": 0.100491002202034,
      "correlation": -0.009149456518018136
    },
    "lumbar_2": {
      "mse": 0.02559819258749485,
      "mae": 0.14651301503181458,
      "correlation": -0.1386884594156728
    },
    "lumbar_3": {
      "mse": 0.013192187994718552,
      "mae": 0.09047914296388626,
      "correlation": -0.12990309958069046
    },
    "lumbar_4": {
      "mse": 0.01280247513204813,
      "mae": 0.11296555399894714,
      "correlation": 0.08117045675430144
    },
    "lumbar_5": {
      "mse": 0.0044824727810919285,
      "mae": 0.059175893664360046,
      "correlation": -0.0005209637218701096
    },
    "pelvis_x_angular_vel": {
      "mse": 0.9343786835670471,
      "mae": 0.878532350063324,
      "correlation": -0.005796543051324449
    },
    "pelvis_y_angular_vel": {
      "mse": 6.68832540512085,
      "mae": 2.561593770980835,
      "correlation": -0.011499940491660563
    },
    "pelvis_z_angular_vel": {
      "mse": 0.34934136271476746,
      "mae": 0.5677186250686646,
      "correlation": 0.0063172203750087455
    },
    "hip_r_x_angular_vel": {
      "mse": 1.3641846179962158,
      "mae": 1.0258394479751587,
      "correlation": -0.011748498531441536
    },
    "hip_r_y_angular_vel": {
      "mse": 89.47590637207031,
      "mae": 9.430096626281738,
      "correlation": 0.003232451939210195
    },
    "hip_r_z_angular_vel": {
      "mse": 2.367586612701416,
      "mae": 1.0189321041107178,
      "correlation": 0.007032531193253064
    },
    "hip_l_x_angular_vel": {
      "mse": 0.8558156490325928,
      "mae": 0.7790663242340088,
      "correlation": 0.009743548549572262
    },
    "hip_l_y_angular_vel": {
      "mse": 4.720839500427246,
      "mae": 2.0806188583374023,
      "correlation": 0.010840176592314503
    },
    "hip_l_z_angular_vel": {
      "mse": 5.462738037109375,
      "mae": 2.148721933364868,
      "correlation": 2.2087285896721567e-05
    },
    "lumbar_x_angular_vel": {
      "mse": 5.879368305206299,
      "mae": 2.3740286827087402,
      "correlation": 0.002608959125167597
    },
    "lumbar_y_angular_vel": {
      "mse": 48.02593994140625,
      "mae": 6.579859256744385,
      "correlation": 0.0048074392477323495
    },
    "lumbar_z_angular_vel": {
      "mse": 0.4110962450504303,