{
  "max_z_score": 3.4640910625457764,
  "outlier_ratio": 0.0,
  "avg_smoothness": {
    "mean": 0.031081976369023323,
    "max": 0.6981208920478821
  },
  "max_jump": {
    "mean": 0.11149071902036667,
    "max": 2.1473379135131836
  },
  "periodicity_score": 0.47287227964235157
}