{
  "overall": {
    "mse": 0.9877307415008545,
    "mae": 0.5867003798484802,
    "rmse": 0.9938464164733887,
    "correlation": 0.31290460705265766,
    "num_masked_channels": 9
  },
  "per_channel": {
    "pelvis_tx": {
      "mse": 0.02082030288875103,
      "mae": 0.12202433496713638,
      "correlation": -0.713543542201513
    },
    "pelvis_ty": {
      "mse": 0.00018064012692775577,
      "mae": 0.011365805752575397,
      "correlation": 0.1345524800334611
    },
    "pelvis_tz": {
      "mse": 0.001537353964522481,
      "mae": 0.031119395047426224,
      "correlation": -0.2762388621950894
    },
    "knee_angle_r": {
      "mse": 0.23200105130672455,
      "mae": 0.3163359761238098,
      "correlation": -0.14516726802939373
    },
    "ankle_angle_r": {
      "mse": 0.5909311771392822,
      "mae": 0.7612338066101074,
      "correlation": 0.5197274078645304
    },
    "subtalar_angle_r": {
      "mse": 0.3026902675628662,
      "mae": 0.5500100255012512,
      "correlation": -0.4704952799578152
    },
    "knee_angle_l": {
      "mse": 0.15401771664619446,
      "mae": 0.31209656596183777,
      "correlation": 0.4368343092772459
    },
    "ankle_angle_l": {
      "mse": 7.367849826812744,
      "mae": 2.707690715789795,
      "correlation": 0.009609881936973014
    },
    "subtalar_angle_l": {
      "mse": 0.21954882144927979,
      "mae": 0.4684268534183502,
      "correlation": -0.6124383140331044
    }
  }
}