{
  "overall": {
    "mse": 7.4658002853393555,
    "mae": 1.2822165489196777,
    "rmse": 2.7323615550994873,
    "correlation": NaN
  },
  "per_channel": {
    "pelvis_tx": {
      "mse": 0.020826995372772217,
      "mae": 0.12378250062465668,
      "correlation": -0.2327796721214262
    },
    "pelvis_ty": {
      "mse": 0.0001422043569618836,
      "mae": 0.009598673321306705,
      "correlation": -0.09931339440224261
    },
    "pelvis_tz": {
      "mse": 0.002446365775540471,
      "mae": 0.043716903775930405,
      "correlation": -0.025983882697791085
    },
    "knee_angle_r": {
      "mse": 0.5044993758201599,
      "mae": 0.6552455425262451,
      "correlation": 0.014209201969019184
    },
    "ankle_angle_r": {
      "mse": 0.6584439873695374,
      "mae": 0.8019394874572754,
      "correlation": -0.014740129925700654
    },
    "subtalar_angle_r": {
      "mse": 0.2734951674938202,
      "mae": 0.5229735970497131,
      "correlation": NaN
    },
    "knee_angle_l": {
      "mse": 0.5923369526863098,
      "mae": 0.7173845767974854,
      "correlation": 0.02657624168561963
    },
    "ankle_angle_l": {
      "mse": 15.096363067626953,
      "mae": 3.8833069801330566,
      "correlation": 0.055865120821231344
    },
    "subtalar_angle_l": {
      "mse": 0.2741106152534485,
      "mae": 0.523530900478363,
      "correlation": NaN
    },
    "calcn_r_force_vx": {
      "mse": 0.29634666442871094,
      "mae": 0.46696582436561584,
      "correlation": -0.019583992582039703
    },
    "calcn_r_force_vy": {
      "mse": 124.4434814453125,
      "mae": 10.267573356628418,
      "correlation": -0.002212630416251747
    },
    "calcn_r_force_vz": {
      "mse": 2.847750425338745,
      "mae": 1.6555062532424927,
      "correlation": 0.006330386315473337
    },
    "calcn_r_force_normed_cop_x": {
      "mse": 8.232330322265625,
      "mae": 2.831943988800049,
      "correlation": 0.0019973893431473786
    },
    "calcn_r_force_normed_cop_y": {
      "mse": 1.1931582689285278,
      "mae": 1.062413215637207,
      "correlation": -0.000980701818280494
    },
    "calcn_r_force_normed_cop_z": {
      "mse": 6.556993007659912,
      "mae": 2.5251009464263916,
      "correlation": 0.1291097745384318
    },
    "calcn_l_force_vx": {
      "mse": 0.33822330832481384,
      "mae": 0.48398348689079285,
      "correlation": -0.010251931387366612
    },
    "calcn_l_force_vy": {
      "mse": 122.64420318603516,
      "mae": 10.177656173706055,
      "correlation": 0.0103286843363179
    },
    "calcn_l_force_vz": {
      "mse": 1.1536967754364014,
      "mae": 1.0199018716812134,
      "correlation": -0.010031299732155337
    },
    "calcn_l_force_normed_cop_x": {
      "mse": 2.3818471431732178,
      "mae": 1.3025047779083252,
      "correlation": 0.013601910106703214
    },
    "calcn_l_force_normed_cop_y": {
      "mse": 0.7983487844467163,
      "mae": 0.8396099805831909,
      "correlation": -0.04229683363385658
    },
    "calcn_l_force_normed_cop_z": {
      "mse": 17.88129425048828,
      "mae": 4.205495834350586,
      "correlation": -0.04700361905500562
    },
    "pelvis_0": {
      "mse": 0.01179285068064928,
      "mae": 0.1081046387553215,
      "correlation": -0.05036832233144243
    },
    "pelvis_1": {
      "mse": 0.00945108849555254,
      "mae": 0.08213388174772263,
      "correlation": 0.028867701305981784
    },
    "pelvis_2": {
      "mse": 0.029053881764411926,
      "mae": 0.15924102067947388,
      "correlation": -0.061209528751388624
    },
    "pelvis_3": {
      "mse": 0.009260213933885098,
      "mae": 0.0812564268708229,
      "correlation": 0.06752846902616501
    },
    "pelvis_4": {
      "mse": 0.014977484941482544,
      "mae": 0.12199436128139496,
      "correlation": -0.10475741844931662
    },
    "pelvis_5": {
      "mse": 0.0014449522132053971,
      "mae": 0.03232357278466225,
      "correlation": -0.015532778364350224
    },
    "hip_r_0": {
      "mse": 0.5428164601325989,
      "mae": 0.7301231622695923,
      "correlation": -0.003492249312580424
    },
    "hip_r_1": {
      "mse": 0.1228504404425621,
      "mae": 0.32698988914489746,
      "correlation": 0.06822066859385763
    },
    "hip_r_2": {
      "mse": 0.03661191463470459,
      "mae": 0.1845814287662506,
      "correlation": 0.04154723072756584
    },
    "hip_r_3": {
      "mse": 0.18354764580726624,
      "mae": 0.40990522503852844,
      "correlation": -0.06872390926386251
    },
    "hip_r_4": {
      "mse": 0.01708165556192398,
      "mae": 0.10827536135911942,
      "correlation": 0.018151987655531922
    },
    "hip_r_5": {
      "mse": 0.005807050969451666,
      "mae": 0.06068730726838112,
      "correlation": -0.025469187266595535
    },
    "hip_l_0": {
      "mse": 0.5411598682403564,
      "mae": 0.728827178478241,
      "correlation": 0.04107311157187245
    },
    "hip_l_1": {
      "mse": 0.1251944601535797,
      "mae": 0.33208996057510376,
      "correlation": -0.07193887293048723
    },
    "hip_l_2": {
      "mse": 0.00901125930249691,
      "mae": 0.08111011981964111,
      "correlation": 0.00023440894164309176
    },
    "hip_l_3": {
      "mse": 0.18419180810451508,
      "mae": 0.4120446443557739,
      "correlation": -0.0011497090128634046
    },
    "hip_l_4": {
      "mse": 0.022026119753718376,
      "mae": 0.1259002983570099,
      "correlation": 0.042613135325989406
    },
    "hip_l_5": {
      "mse": 0.0035278163850307465,
      "mae": 0.05303405597805977,
      "correlation": 0.010243405987115876
    },
    "lumbar_0": {
      "mse": 0.700249195098877,
      "mae": 0.8363140225410461,
      "correlation": 0.025999790840679132
    },
    "lumbar_1": {
      "mse": 0.0617108978331089,
      "mae": 0.2413322478532791,
      "correlation": -0.05498680411353607
    },
    "lumbar_2": {
      "mse": 0.028348106890916824,
      "mae": 0.16486027836799622,
      "correlation": 0.11122261908098921
    },
    "lumbar_3": {
      "mse": 0.1816173940896988,
      "mae": 0.4225800037384033,
      "correlation": -0.07536533313840921
    },
    "lumbar_4": {
      "mse": 0.0009390705381520092,
      "mae": 0.02623399719595909,
      "correlation": -0.12142634650773888
    },
    "lumbar_5": {
      "mse": 0.003077523084357381,
      "mae": 0.046606793999671936,
      "correlation": 0.024135381097226724
    },
    "pelvis_x_angular_vel": {
      "mse": 0.8534238338470459,
      "mae": 0.8657262921333313,
      "correlation": -0.01657053771445511
    },
    "pelvis_y_angular_vel": {
      "mse": 6.712987899780273,
      "mae": 2.560955286026001,
      "correlation": 0.017327130253772534
    },
    "pelvis_z_angular_vel": {
      "mse": 0.37160104513168335,
      "mae": 0.5643755197525024,
      "correlation": 0.008070511295371823
    },
    "hip_r_x_angular_vel": {
      "mse": 1.227111577987671,
      "mae": 1.0200364589691162,
      "correlation": 0.005133121265754268
    },
    "hip_r_y_angular_vel": {
      "mse": 88.93016815185547,
      "mae": 9.403094291687012,
      "correlation": -0.016858701620257613
    },
    "hip_r_z_angular_vel": {
      "mse": 1.6174578666687012,
      "mae": 0.8478871583938599,
      "correlation": -0.004102200596632245
    },
    "hip_l_x_angular_vel": {
      "mse": 0.7772327661514282,
      "mae": 0.7582495212554932,
      "correlation": 0.006443576322000866
    },
    "hip_l_y_angular_vel": {
      "mse": 4.763247489929199,
      "mae": 2.115234613418579,
      "correlation": -0.0018031264286806985
    },
    "hip_l_z_angular_vel": {
      "mse": 4.539409637451172,
      "mae": 1.9471725225448608,
      "correlation": 0.03381499887373976
    },
    "lumbar_x_angular_vel": {
      "mse": 5.737096786499023,
      "mae": 2.3603456020355225,
      "correlation": -0.014596471747477125
    },
    "lumbar_y_angular_vel": {
      "mse": 44.895721435546875,
      "mae": 6.643378257751465,
      "correlation": 0.012083987736127918
    },
    "lumbar_z_angular_vel": {
      "mse": 0.3260469138622284,