{
  "overall": {
    "mse": 7.537829399108887,
    "mae": 1.2880218029022217,
    "rmse": 2.7455108165740967,
    "correlation": NaN
  },
  "per_channel": {
    "pelvis_tx": {
      "mse": 0.006799816153943539,
      "mae": 0.07257992029190063,
      "correlation": -0.07327066596208097
    },
    "pelvis_ty": {
      "mse": 0.00023841187066864222,
      "mae": 0.013331776484847069,
      "correlation": 0.007574323618789893
    },
    "pelvis_tz": {
      "mse": 0.0007384015480056405,
      "mae": 0.023243645206093788,
      "correlation": 0.040776066718105755
    },
    "knee_angle_r": {
      "mse": 0.17016556859016418,
      "mae": 0.2797966003417969,
      "correlation": -0.000717377030225517
    },
    "ankle_angle_r": {
      "mse": 0.9762092232704163,
      "mae": 0.9793350696563721,
      "correlation": 0.012302940067366196
    },
    "subtalar_angle_r": {
      "mse": 0.27345260977745056,
      "mae": 0.5229303240776062,
      "correlation": NaN
    },
    "knee_angle_l": {
      "mse": 0.21302847564220428,
      "mae": 0.31190967559814453,
      "correlation": 0.0017147623646610979
    },
    "ankle_angle_l": {
      "mse": 16.392473220825195,
      "mae": 4.046636581420898,
      "correlation": 0.019072387505207032
    },
    "subtalar_angle_l": {
      "mse": 0.27409929037094116,
      "mae": 0.523523211479187,
      "correlation": NaN
    },
    "calcn_r_force_vx": {
      "mse": 0.29551079869270325,
      "mae": 0.4397730827331543,
      "correlation": 0.0011791929921042632
    },
    "calcn_r_force_vy": {
      "mse": 123.86431121826172,
      "mae": 10.201738357543945,
      "correlation": -0.006687714941944433
    },
    "calcn_r_force_vz": {
      "mse": 3.462083339691162,
      "mae": 1.7000545263290405,
      "correlation": -0.009407450563297696
    },
    "calcn_r_force_normed_cop_x": {
      "mse": 8.466181755065918,
      "mae": 2.7888317108154297,
      "correlation": 0.022291952315109134
    },
    "calcn_r_force_normed_cop_y": {
      "mse": 1.2744274139404297,
      "mae": 1.1084890365600586,
      "correlation": -0.003527192934147214
    },
    "calcn_r_force_normed_cop_z": {
      "mse": 5.579063892364502,
      "mae": 2.2877707481384277,
      "correlation": 0.04258984343054553
    },
    "calcn_l_force_vx": {
      "mse": 0.34853488206863403,
      "mae": 0.4732975959777832,
      "correlation": 0.005768998081442227
    },
    "calcn_l_force_vy": {
      "mse": 124.82903289794922,
      "mae": 10.246407508850098,
      "correlation": 0.010398902555735471
    },
    "calcn_l_force_vz": {
      "mse": 1.7470003366470337,
      "mae": 1.1341408491134644,
      "correlation": 0.018423424642205463
    },
    "calcn_l_force_normed_cop_x": {
      "mse": 2.1957571506500244,
      "mae": 1.1075340509414673,
      "correlation": 0.016252823341828194
    },
    "calcn_l_force_normed_cop_y": {
      "mse": 0.9221673011779785,
      "mae": 0.9317949414253235,
      "correlation": -0.0012443447484825876
    },
    "calcn_l_force_normed_cop_z": {
      "mse": 16.08563995361328,
      "mae": 3.9594991207122803,
      "correlation": -0.002180767380223416
    },
    "pelvis_0": {
      "mse": 0.013238955289125443,
      "mae": 0.11496645957231522,
      "correlation": 0.028339818101457918
    },
    "pelvis_1": {
      "mse": 0.039809077978134155,
      "mae": 0.19812536239624023,
      "correlation": -0.008262589705628405
    },
    "pelvis_2": {
      "mse": 0.0391102097928524,
      "mae": 0.1766100823879242,
      "correlation": -0.017188695858422844
    },
    "pelvis_3": {
      "mse": 0.03765370324254036,
      "mae": 0.1930946260690689,
      "correlation": -0.01814838369148649
    },
    "pelvis_4": {
      "mse": 0.016525737941265106,
      "mae": 0.12852513790130615,
      "correlation": -0.0047322983880928055
    },
    "pelvis_5": {
      "mse": 0.00763795617967844,
      "mae": 0.08184875547885895,
      "correlation": -0.012528425342672223
    },
    "hip_r_0": {
      "mse": 0.8282512426376343,
      "mae": 0.9091691970825195,
      "correlation": 0.007681618647547053
    },
    "hip_r_1": {
      "mse": 0.10330531001091003,
      "mae": 0.260841965675354,
      "correlation": 0.03376869305667188
    },
    "hip_r_2": {
      "mse": 0.028886785730719566,
      "mae": 0.15270082652568817,
      "correlation": -0.06694255099998998
    },
    "hip_r_3": {
      "mse": 0.07955031841993332,
      "mae": 0.24646997451782227,
      "correlation": 0.010953529392582735
    },
    "hip_r_4": {
      "mse": 0.07036817073822021,
      "mae": 0.26160454750061035,
      "correlation": 0.013062187117762431
    },
    "hip_r_5": {
      "mse": 0.023503903299570084,
      "mae": 0.12933318316936493,
      "correlation": -0.005412097521791959
    },
    "hip_l_0": {
      "mse": 0.8167508244514465,
      "mae": 0.9026983976364136,
      "correlation": -0.02749083675261988
    },
    "hip_l_1": {
      "mse": 0.10712721943855286,
      "mae": 0.26836660504341125,
      "correlation": 0.012829569483012296
    },
    "hip_l_2": {
      "mse": 0.006209705490618944,
      "mae": 0.06592155247926712,
      "correlation": 0.047198877967085356
    },
    "hip_l_3": {
      "mse": 0.08093426376581192,
      "mae": 0.24877579510211945,
      "correlation": 0.004648463883770637
    },
    "hip_l_4": {
      "mse": 0.08589376509189606,
      "mae": 0.2895679771900177,
      "correlation": -0.024242627305373278
    },
    "hip_l_5": {
      "mse": 0.018412267789244652,
      "mae": 0.12135083228349686,
      "correlation": 0.02179805706328672
    },
    "lumbar_0": {
      "mse": 0.9096123576164246,
      "mae": 0.9536174535751343,
      "correlation": 0.024979795433797625
    },
    "lumbar_1": {
      "mse": 0.008774672634899616,
      "mae": 0.09138240665197372,
      "correlation": 0.060832994458360844
    },
    "lumbar_2": {
      "mse": 0.03469807282090187,
      "mae": 0.17253640294075012,
      "correlation": -0.05789690168081671
    },
    "lumbar_3": {
      "mse": 0.008393438532948494,
      "mae": 0.08801653981208801,
      "correlation": 0.026963545284332955
    },
    "lumbar_4": {
      "mse": 0.011997007764875889,
      "mae": 0.10941582173109055,
      "correlation": 0.033969054217585566
    },
    "lumbar_5": {
      "mse": 0.008828738704323769,
      "mae": 0.0874599814414978,
      "correlation": -0.01444260997101318
    },
    "pelvis_x_angular_vel": {
      "mse": 1.1426048278808594,
      "mae": 0.9020046591758728,
      "correlation": -0.024007460601402856
    },
    "pelvis_y_angular_vel": {
      "mse": 6.775442600250244,
      "mae": 2.559291124343872,
      "correlation": -0.03140018655657371
    },
    "pelvis_z_angular_vel": {
      "mse": 0.36854472756385803,
      "mae": 0.5727521777153015,
      "correlation": -0.012255692688720383
    },
    "hip_r_x_angular_vel": {
      "mse": 1.6922566890716553,
      "mae": 1.1141793727874756,
      "correlation": -0.007535448881299721
    },
    "hip_r_y_angular_vel": {
      "mse": 88.0249252319336,
      "mae": 9.350567817687988,
      "correlation": -0.0027252102484449864
    },
    "hip_r_z_angular_vel": {
      "mse": 3.10648250579834,
      "mae": 1.2513067722320557,
      "correlation": 0.009156896375133314
    },
    "hip_l_x_angular_vel": {
      "mse": 1.2089303731918335,
      "mae": 0.9492195844650269,
      "correlation": 0.02580044917026645
    },
    "hip_l_y_angular_vel": {
      "mse": 4.9246439933776855,
      "mae": 2.1138088703155518,
      "correlation": -0.0007050366059272217
    },
    "hip_l_z_angular_vel": {
      "mse": 6.2946295738220215,
      "mae": 2.3268885612487793,
      "correlation": -0.0008440040684687335
    },
    "lumbar_x_angular_vel": {
      "mse": 6.117957592010498,
      "mae": 2.3610775470733643,
      "correlation": -0.006896984634465664
    },
    "lumbar_y_angular_vel": {
      "mse": 43.56425476074219,
      "mae": 6.546339988708496,
      "correlation": 0.012105829682667645
    },