{
  "overall": {
    "mse": 7.39483118057251,
    "mae": 1.2523082494735718,
    "rmse": 2.719343900680542,
    "correlation": NaN
  },
  "per_channel": {
    "pelvis_tx": {
      "mse": 0.012424766086041927,
      "mae": 0.09477943181991577,
      "correlation": 0.07269897859673789
    },
    "pelvis_ty": {
      "mse": 0.0006116705480962992,
      "mae": 0.01978430524468422,
      "correlation": -0.01824153112609098
    },
    "pelvis_tz": {
      "mse": 0.0034752448555082083,
      "mae": 0.04955673590302467,
      "correlation": 0.028349195344824586
    },
    "knee_angle_r": {
      "mse": 0.21440376341342926,
      "mae": 0.3732722997665405,
      "correlation": -0.0297336007152645
    },
    "ankle_angle_r": {
      "mse": 0.7157175540924072,
      "mae": 0.8417087197303772,
      "correlation": -0.005012573302482582
    },
    "subtalar_angle_r": {
      "mse": 0.2734606862068176,
      "mae": 0.5229345560073853,
      "correlation": NaN
    },
    "knee_angle_l": {
      "mse": 0.1981622874736786,
      "mae": 0.2836441993713379,
      "correlation": 0.009485325464646801
    },
    "ankle_angle_l": {
      "mse": 15.99975299835205,
      "mae": 3.998213768005371,
      "correlation": 0.02917432815771834
    },
    "subtalar_angle_l": {
      "mse": 0.2741166651248932,
      "mae": 0.5235372185707092,
      "correlation": NaN
    },
    "calcn_r_force_vx": {
      "mse": 0.43187645077705383,
      "mae": 0.6152031421661377,
      "correlation": 0.0020460656803224253
    },
    "calcn_r_force_vy": {
      "mse": 148.47158813476562,
      "mae": 11.369662284851074,
      "correlation": -0.009991330667051462
    },
    "calcn_r_force_vz": {
      "mse": 3.3690285682678223,
      "mae": 1.7978743314743042,
      "correlation": -0.021628835159633014
    },
    "calcn_r_force_normed_cop_x": {
      "mse": 6.303192615509033,
      "mae": 2.4433772563934326,
      "correlation": -0.0074339216495821385
    },
    "calcn_r_force_normed_cop_y": {
      "mse": 1.2763057947158813,
      "mae": 1.0884772539138794,
      "correlation": -2.2216194079089593e-05
    },
    "calcn_r_force_normed_cop_z": {
      "mse": 4.653497219085693,
      "mae": 2.130082368850708,
      "correlation": -0.03998955983147867
    },
    "calcn_l_force_vx": {
      "mse": 0.24685367941856384,
      "mae": 0.3641745150089264,
      "correlation": 0.013587412686934548
    },
    "calcn_l_force_vy": {
      "mse": 101.50688171386719,
      "mae": 9.083893775939941,
      "correlation": -0.024718289898431205
    },
    "calcn_l_force_vz": {
      "mse": 1.4273152351379395,
      "mae": 0.9969647526741028,
      "correlation": 0.012753448853124356
    },
    "calcn_l_force_normed_cop_x": {
      "mse": 2.4489383697509766,
      "mae": 1.2579548358917236,
      "correlation": 0.03649792618981989
    },
    "calcn_l_force_normed_cop_y": {
      "mse": 0.6420710682868958,
      "mae": 0.7279515266418457,
      "correlation": 0.01002066666013601
    },
    "calcn_l_force_normed_cop_z": {
      "mse": 15.497010231018066,
      "mae": 3.886173725128174,
      "correlation": -0.03484624592144728
    },
    "pelvis_0": {
      "mse": 0.01184156071394682,
      "mae": 0.10866103321313858,
      "correlation": -0.009855808895365276
    },
    "pelvis_1": {
      "mse": 0.006522506941109896,
      "mae": 0.07403463125228882,
      "correlation": 0.006634214012220516
    },
    "pelvis_2": {
      "mse": 0.028479311615228653,
      "mae": 0.14338259398937225,
      "correlation": -0.02576203499862607
    },
    "pelvis_3": {
      "mse": 0.006103154271841049,
      "mae": 0.07154752314090729,
      "correlation": 0.045323687376196464
    },
    "pelvis_4": {
      "mse": 0.015606943517923355,
      "mae": 0.12486590445041656,
      "correlation": -0.0682656219124469
    },
    "pelvis_5": {
      "mse": 0.001042583491653204,
      "mae": 0.02653244510293007,
      "correlation": 0.001011988691618082
    },
    "hip_r_0": {
      "mse": 0.7094723582267761,
      "mae": 0.8398596048355103,
      "correlation": 0.036812372529845434
    },
    "hip_r_1": {
      "mse": 0.04647776111960411,
      "mae": 0.19152304530143738,
      "correlation": 0.04072431883320293
    },
    "hip_r_2": {
      "mse": 0.0319918729364872,
      "mae": 0.1687774807214737,
      "correlation": -0.02429461825845559
    },
    "hip_r_3": {
      "mse": 0.07759989798069,
      "mae": 0.2491137832403183,
      "correlation": 0.010813550587151515
    },
    "hip_r_4": {
      "mse": 0.04292904585599899,
      "mae": 0.1954072266817093,
      "correlation": 0.02925705142283478
    },
    "hip_r_5": {
      "mse": 0.0029822506476193666,
      "mae": 0.04523802548646927,
      "correlation": 0.016790652647848913
    },
    "hip_l_0": {
      "mse": 0.7910822629928589,
      "mae": 0.8858402371406555,
      "correlation": -0.009294665976548964
    },
    "hip_l_1": {
      "mse": 0.062467850744724274,
      "mae": 0.2215951532125473,
      "correlation": -0.033629856978535655
    },
    "hip_l_2": {
      "mse": 0.0038880978245288134,
      "mae": 0.050574712455272675,
      "correlation": -0.04555330374405287
    },
    "hip_l_3": {
      "mse": 0.0627078115940094,
      "mae": 0.2194354236125946,
      "correlation": -0.017660838492259922
    },
    "hip_l_4": {
      "mse": 0.08220034837722778,
      "mae": 0.27487945556640625,
      "correlation": -0.008501761824375896
    },
    "hip_l_5": {
      "mse": 0.0048027196899056435,
      "mae": 0.059659071266651154,
      "correlation": -0.00020082039551225009
    },
    "lumbar_0": {
      "mse": 0.8524243831634521,
      "mae": 0.9231470823287964,
      "correlation": 0.05253274398978875
    },
    "lumbar_1": {
      "mse": 0.00233962619677186,
      "mae": 0.041593533009290695,
      "correlation": 0.14716033851507793
    },
    "lumbar_2": {
      "mse": 0.04914673790335655,
      "mae": 0.2149180769920349,
      "correlation": -0.07702441790652342
    },
    "lumbar_3": {
      "mse": 0.04502786695957184,
      "mae": 0.20750311017036438,
      "correlation": 0.17551153224291063
    },
    "lumbar_4": {
      "mse": 0.0068869031965732574,
      "mae": 0.08190875500440598,
      "correlation": 0.14144255695584576
    },
    "lumbar_5": {
      "mse": 0.010602128691971302,
      "mae": 0.08927898854017258,
      "correlation": -0.03667812807178136
    },
    "pelvis_x_angular_vel": {
      "mse": 0.8538615107536316,
      "mae": 0.8656396269798279,
      "correlation": -0.00449723306848756
    },
    "pelvis_y_angular_vel": {
      "mse": 6.775875568389893,
      "mae": 2.555985689163208,
      "correlation": -0.0001942354955035682
    },
    "pelvis_z_angular_vel": {
      "mse": 0.39290255308151245,
      "mae": 0.5799133777618408,
      "correlation": -0.016858149526246997
    },
    "hip_r_x_angular_vel": {
      "mse": 1.2148993015289307,
      "mae": 1.0260231494903564,
      "correlation": 0.004033222505671388
    },
    "hip_r_y_angular_vel": {
      "mse": 86.58013153076172,
      "mae": 9.274901390075684,
      "correlation": -0.013025597664092304
    },
    "hip_r_z_angular_vel": {
      "mse": 1.5720049142837524,
      "mae": 0.9425897598266602,
      "correlation": -0.026542408415477718
    },
    "hip_l_x_angular_vel": {
      "mse": 0.7631022930145264,
      "mae": 0.7488450407981873,
      "correlation": -0.010717510623372376
    },
    "hip_l_y_angular_vel": {
      "mse": 4.81686544418335,
      "mae": 2.0910253524780273,
      "correlation": -0.009183783429961522
    },
    "hip_l_z_angular_vel": {
      "mse": 5.909607887268066,
      "mae": 2.2689566612243652,
      "correlation": -0.011519900536972919
    },
    "lumbar_x_angular_vel": {
      "mse": 5.813256740570068,
      "mae": 2.357988119125366,
      "correlation": 0.005817261028799162
    },
    "lumbar_y_angular_vel": {
      "mse": 43.378143310546875,
      "mae": 6.537635326385498,
      "correlation": 0.01756584221175145
    },
    "lumbar_z_angular_vel": {
      "mse": 0.3248097598552704,